business,stars,date,signal,category,phrase,summary,text
"Air Force One Plumbing Heating & Air, now part of A-Star Air Conditioning & Plumbng",1,a year ago,True,other_comm_problem,"""Later was that night and this guy says, “I’m not trying to cheat you”""",The customer was given conflicting repair estimates by different technicians.,"Horrible horrible service! Avoid at all costs. My ac went out I called them paid the road fee. When the tech came out he said and I quite “I’m not trying to cheat you”, which he was absolutely never accused of in the first place. He continued to say that I needed to change out parts that would run m"
"Air Force One Plumbing Heating & Air, now part of A-Star Air Conditioning & Plumbng",1,10 years ago,True,other_comm_problem,they wanted $89 to show up and another $150-$450 to do the leak check,The customer was quoted high costs for a service visit and leak check.,"I Had a complete Rheem air conditioning system installed in late November 2014 by Air Force One.  In mid February of this year, when the weather heated up for a few days, we had no air conditioning.  I had it checked and it was 4lbs low on refrigerant.  Once recharged, it began cooling again.  I jus"
"Air Force One Plumbing Heating & Air, now part of A-Star Air Conditioning & Plumbng",1,3 years ago,False,none,none,"No communication issue, but a problem with the company's service and honesty.",Scam! My parents contacted this company to fix their air conditioner that went out during the winter storms in Texas. The receptionist was very rude. When my father reported her they sent a technician out anyway from this same company because there wasn’t any other company available through their ho
"Air Force One Plumbing Heating & Air, now part of A-Star Air Conditioning & Plumbng",1,6 years ago,True,repeat_calls,"""I did so.  By the time they got to my house, it was working again.""",The customer had to call multiple times before the issue was resolved.,"We have used AF 1 for over 9 years, they installed my A/C Heat unit and serviced it these last years.  I recently had a problem with my furnace in the fact that the blower would run, but the furnace would only come on ever once in awhile.  They diagnosed a dirty filter the first time,  about 3 month"
"Air Force One Plumbing Heating & Air, now part of A-Star Air Conditioning & Plumbng",1,a year ago,False,none,none,no communication issue,They bought an amazing parts store where a homeowner could go in and buy any part imaginable and not they're a service company that won't sell parts. Heartbreaking. All the old reviews are worthless.
"Air Force One Plumbing Heating & Air, now part of A-Star Air Conditioning & Plumbng",1,3 years ago,False,none,none,No communication issue.,Charged us $500 for a $100 base model thermostat. Still not working correctly and after years of serving our business have now told us we need to find a commercial repair company after rescheduling an appt two times. Sadly cannot recommend them.
"Air Force One Plumbing Heating & Air, now part of A-Star Air Conditioning & Plumbng",1,4 years ago,True,other_comm_problem,We never got,The customer never received the estimate from the company.,"Dont use this company in a commercial setting, (unless you have some money to burn.)  We had used this company for years in a commercial building.  They recently changed hands to a new owner.  They didnt come out to do our regularly scheduled quarterly maintenance.   Then we moved to a new commercia"
"Air Force One Plumbing Heating & Air, now part of A-Star Air Conditioning & Plumbng",1,Edited 8 years ago,True,other_comm_problem,they never rescheduled with me to complete issue discovery,The company failed to follow up and reschedule to complete the issue discovery.,I thought they did a good job at first....then they never rescheduled with me to complete issue discovery so I had another company come out...they confirmed some ducting was never fixed like agreed upon and also said the ducting they aluminum taped was a poor job. I’ve attached a picture of the duct
"Air Force One Plumbing Heating & Air, now part of A-Star Air Conditioning & Plumbng",1,Edited 12 years ago,False,none,none,No communication issue mentioned in the review.,STAY AWAY FROM LYING CHESTER AT AIR FORCE ONE AIR CONDITIONING AND HEATING. MY PARENTS PURCHASED A RUDD OUT SIDE CONDENSING HEAT PUMP FROM THIS LYING MAN FOUR AND A HALF YEARS AGO. THIS COMPANY IN THAT TIME WAS BACK AND FORTH TO MY PARENT'S HOME ABOUT TWO DOZEN OR SO TIMES. I FINALLY STOPPED MY PARE
"Air Force One Plumbing Heating & Air, now part of A-Star Air Conditioning & Plumbng",1,Edited 7 years ago,True,other_comm_problem,I was not able to talk to a manger they kept passing me around.,The customer was unable to speak with a manager due to being passed around.,Very poor customer service.  They damaged my system and failed to come back and take care of their mistake.  I was not able to talk to a manger they kept passing me around.
"Air Force One Plumbing Heating & Air, now part of A-Star Air Conditioning & Plumbng",1,12 years ago,True,ignored,he just want to go home for the day,The customer felt ignored and the representative seemed to be in a hurry to leave.,"They dont healp me at all... I waste my time with them, the Spanish guy dont help me at all, he just want to go home for the day"
"Air Force One Plumbing Heating & Air, now part of A-Star Air Conditioning & Plumbng",1,6 years ago,False,none,none,No communication issue.,"Terrible Service, Not Recommended.After years of service and Prompt Payment they decided for no reason to dump me."
"Air Force One Plumbing Heating & Air, now part of A-Star Air Conditioning & Plumbng",1,9 years ago,False,none,none,no communication issue,They don't do commercial property
"Air Force One Plumbing Heating & Air, now part of A-Star Air Conditioning & Plumbng",2,3 years ago,False,none,none,No communication issue was mentioned in this review.,"This is a mixed review. On the one hand, ownership of Air Force One was responsive when one of their techs mishandled the AC system in my attic causing a ceiling to flood. I hired Air Force One to perform a deep cleaning and coolant check of my HVAC system in Fall 2021. The tech pointed out there wa"
"Air Force One Plumbing Heating & Air, now part of A-Star Air Conditioning & Plumbng",2,7 years ago,False,none,none,no communication issue,Their prices are outrageous
"Air Force One Plumbing Heating & Air, now part of A-Star Air Conditioning & Plumbng",4,Edited 4 years ago,False,none,none,No communication issue.,We requested a quote for replacing our toilets with comfort height and to replace the cut off valves for the toilet and all sinks.  We received our quote the same day after the Javier came to review what was involved.  He was on time and very knowledgeable and friendly.  We will be accepting the bid
"Air Force One Plumbing Heating & Air, now part of A-Star Air Conditioning & Plumbng",4,Edited 9 years ago,False,none,none,no communication issue,"I bought a Rheem system from them  at their recommendation in 2009.  My experience with them had always been pretty good.  Although it was a bit of a struggle to get a diagnosis during the busy summer season, in the end they stepped forward and are replacing my defective evap coil (Rheem warranty re"
"Air Force One Plumbing Heating & Air, now part of A-Star Air Conditioning & Plumbng",4,4 years ago,True,other_comm_problem,"He did not bring all of the required filters, but said he would drop them off later this week.",The technician did not have all necessary materials and promised to deliver them later.,"Sam did a good job & cleaned up after himeself. I usually see the reports on the maintenance the same day, but have not seen them yet.  He did not bring all of the required filters, but said he would drop them off later this week."
"Air Force One Plumbing Heating & Air, now part of A-Star Air Conditioning & Plumbng",4,4 years ago,False,none,none,No communication issue.,Same day service and a fair price. Only problem was some scheduling issues. I couldn't set up an appointment online but their phone service was great.
"Air Force One Plumbing Heating & Air, now part of A-Star Air Conditioning & Plumbng",4,Edited 4 years ago,False,none,none,No communication issue.,Diagnosed the problem but were unable to fix due to proprietary issues with Carrier. Sam was professional and straight forward. We will continue to call them in the future.
"Air Force One Plumbing Heating & Air, now part of A-Star Air Conditioning & Plumbng",4,6 years ago,False,none,none,no communication issue,"I am pleased with.the service conducted by your technician. He is a professional.
Thank you
Sharron Robinson"
"Air Force One Plumbing Heating & Air, now part of A-Star Air Conditioning & Plumbng",4,6 years ago,False,none,none,no communication issue,Technician was efficient and knowledgable.  Price was a bit high though so minus one star.
"Air Force One Plumbing Heating & Air, now part of A-Star Air Conditioning & Plumbng",4,5 years ago,False,none,none,no communication issue,"Got in touch with management who resolved my complaints to my satisfaction. Thanks, AF1!"
"Air Force One Plumbing Heating & Air, now part of A-Star Air Conditioning & Plumbng",4,6 years ago,False,none,none,no communication issue,Excellent
"Air Force One Plumbing Heating & Air, now part of A-Star Air Conditioning & Plumbng",5,9 years ago,False,none,none,No communication issue.,"Rick at Air Force One was Great! He was on time, professional. and knowledgeable. I felt like he did only what was necessary and he made me comfortable with his explanations and suggestions of options for the future ( I have relatively old units). This was welcome as I have recently left a ""home war"
"Air Force One Plumbing Heating & Air, now part of A-Star Air Conditioning & Plumbng",5,5 years ago,False,none,none,No communication issue.,"Juan is an exceptionally knowledgeable, through, and outgoing tech. He arrived on time and was wearing a mask and stood several feet away from me. I liked that a lot. He took his time checking everything out, looking at an issue with the heat I thought was broken (door on heater ajar-easy fix) and d"
"Air Force One Plumbing Heating & Air, now part of A-Star Air Conditioning & Plumbng",5,5 years ago,False,none,none,no communication issue,I could not be more thrilled with my experience with Airforce One. They have been serving my HVAC for over 10 years. This August I had to have AC replaced as it was a very old unit. They replaced it 2 days after it died and the process was simple and seamless. They left no trace of their presence in
"Air Force One Plumbing Heating & Air, now part of A-Star Air Conditioning & Plumbng",5,Edited 5 years ago,False,none,none,no communication issue,"Have only used them once, but was very pleased. Kevin came quickly and was very courteous and thorough. Great speedy service at a really great price = very happy customer.

Update: have been using Air Force One for years now and continue to be a very happy customer."
"Air Force One Plumbing Heating & Air, now part of A-Star Air Conditioning & Plumbng",5,Edited 5 years ago,False,none,none,no communication issue,"We have been President Club members of Air Force 1 for years now, and I recommend them highly. Twice annual check-ups keep us running smoothly with no surprises. The techs are always prompt, professional and highly knowledgeable.  Love this service."
"Air Force One Plumbing Heating & Air, now part of A-Star Air Conditioning & Plumbng",5,6 years ago,False,none,none,no communication issue,"Why did I not find out about this place sooner?
Our water heater finally broke down and we ended up having to replace it. After calling around,  I decided to give Air Force One Plumbing  a try and was completed surprised by how amazing of a job they did.  Our plumber was professional and completed t"
"Air Force One Plumbing Heating & Air, now part of A-Star Air Conditioning & Plumbng",5,4 years ago,False,none,none,no communication issue,"Javier was amazing! We had a new hot water heater replaced and hydro jetting of our outside drains. The water heater installation was standard, but our outside drains have been a problem for years. He really took the time to try and clear them out as much as possible, even though we think there was "
"Air Force One Plumbing Heating & Air, now part of A-Star Air Conditioning & Plumbng",5,7 years ago,False,none,none,no communication issue,We have been using Air Force One for several years.  The service techs are always polite friendly and professional.  They make sure not to make a mess and if they do they clean it up before they leave.  I have never had a repair or service that I did not need and did not feel pressured or upsold.  W
"Air Force One Plumbing Heating & Air, now part of A-Star Air Conditioning & Plumbng",5,9 years ago,False,none,none,No communication issue was mentioned in this review.,I had my furnace go out last week and called company X. They sent out a technician who misdiagnosed the problem and I was told I would have to spend $500-1000 to replace a hard to find control board on an older unit which might not last and then they proceeded to quote me for a new system. It was no
"Air Force One Plumbing Heating & Air, now part of A-Star Air Conditioning & Plumbng",5,5 years ago,True,after_hours,"I was told that a TXV, which I guess acts like a filter for the Freon needed replacing",The customer had to pay an after-hours fee for a service call.,"Have a 3 1/2 year old system which is under warranty, which decided to stop cooling the Friday before Memorial day weekend.  I bit the bullet and called them out Friday night, and paid the after hours fee.  I was told that a TXV, which I guess acts like a filter for the Freon needed replacing, which"
"Air Force One Plumbing Heating & Air, now part of A-Star Air Conditioning & Plumbng",5,6 years ago,False,none,none,No communication issue.,"Very impressed and extremely happy with the work performed on our furnace as well as every person I've communicated with and our technician! Everyone was personable, knowledgeable and professional. First time to have them come to our house and will continue to contact them on all issues the company "
"Air Force One Plumbing Heating & Air, now part of A-Star Air Conditioning & Plumbng",5,9 years ago,False,none,none,no communication issue,Great service from Air Force 1. I've been using these guys for a few years now and all of their technicians are top notch. Dale just recently did my winter inspection and helped immensely with a furnace problem I was having. Great folks! I will continue using them in the future.
"Air Force One Plumbing Heating & Air, now part of A-Star Air Conditioning & Plumbng",5,Edited 5 years ago,False,none,none,no communication issue,"Josue and the entire Air Force One team did a great job. They are very honest, trustworthy, reliable, and very helpful with their work. I would truly recommend the technician and Air Force One company. Their prices are great and an honorable company."
"Air Force One Plumbing Heating & Air, now part of A-Star Air Conditioning & Plumbng",5,8 years ago,False,none,none,No communication issue.,"Very happy with the service I received. These guys thoroughly tested the unit they identified the problem, fixed the issues and then stuck around to make sure everything was in working order. Was leary after a bad experience with another company but pleasently surprised by these guys. They were also"
"Air Force One Plumbing Heating & Air, now part of A-Star Air Conditioning & Plumbng",5,8 years ago,False,none,none,no communication issue,"I appreciate their work and timeliness; they came out a total of three visits.  Dale did a good job of explaining what needed to happen and what he planned to do. Ended up costing more than $500 (blown capacitor, cleaning, Freon, etc), but the prices were competitive according to my HVAC buddy.  The"
"Air Force One Plumbing Heating & Air, now part of A-Star Air Conditioning & Plumbng",5,10 years ago,False,none,none,no communication issue,"Rick was the technician who serviced my unit today, and he was great!  Alerted me to a possible problem with insulation blocking the air flow of the soffits and explained in detail how to change the filters myself so that I could do it monthly.
I'm very happy with the service I get with Air Force On"
K&S Heating and Air,1,4 years ago,True,on_hold,didn't take couple minutes to answer problems I had,The customer experienced long hold times when trying to get their issues addressed.,"Just the worst company to work with.
I originally called because I smell something bad coming out from vents upstair. I also requested for air re-balance because some rooms are too cold during Winter. We were still covered by the warranty.

None of them were fixed!! It didn't take couple minutes to "
K&S Heating and Air,1,2 years ago,True,repeat_calls,"""even with their [they] took over a month""",The customer had to wait over a month for service after scheduling.,"The AC systems in my house were installed by K&S air conditioning which eventually merged with or became Lex Air.  K&S was great for the first few years.  Once they became Lex Air thing truly went downhill.

First they changed to where if you wanted maintenance and priority you had to get their year"
K&S Heating and Air,1,2 years ago,True,repeat_calls,"""After about 5 calls to get them to come out""",The customer had to call multiple times to get the issue resolved.,Do not use this company. I had no choice as my builder used them. I have had so many issues with my units at this point I've lost count. They put the units in around june 2022 with the vent and intake switched around so had to come out and replace the whole plumbing in the attic. After about 5 calls
K&S Heating and Air,1,3 years ago,True,no_callback,never received a call back in an entire week,The customer did not receive a callback after a week of calling.,I have been a customer with this company since 2018 when I purchased my brand new property . Since the beginning the service has been average but nothing to raise any major red flags however today was the breaking point. I had called last week to verify quotes I had received to repair a possible lea
K&S Heating and Air,1,Edited 2 years ago,False,none,none,No communication issue mentioned in the review.,"On June 30th 2023, I submitted a warranty request as I had my home inspected.  The unit was discovered to not be working and putting out as much output as it should.  Altura Builders sent someone from K&S to look at it and he said it was fine.  December 2023 and January 2024 my electric bills were $"
K&S Heating and Air,1,2 years ago,True,repeat_calls,"""I called to schedule Spring 2023 preventative maintenance, but they wanted to book me more than a month out""",The customer had to call multiple times to schedule maintenance.,"Lex Air/ K&S installed a new evap coil and furnace in late 2022, both of which came with a 2-year labor warranty. I called to schedule Spring 2023 preventative maintenance, but they wanted to book me more than a month out, so I had another company perform routine maintenance, where my refrigerant wa"
K&S Heating and Air,1,3 years ago,False,none,none,"No communication issue, the problem was with the repair service itself.","I recently closed on my house. Upon move in, my AC was not blowing cool air at all and we spent the entire weekend without air in this Texas heat. K&S sent out multiple technicians over a period of time for repair. I kept being informed by every technician the “issue” was repaired but it wasn’t. I a"
K&S Heating and Air,1,6 years ago,False,none,none,No communication issue was mentioned in this review.,"My unit was installed by K & S back in 2013, when I had my house built.  It is still under warranty.   This weekend, the unit for upstairs started tripping the breaker in my garage. I had an electrician look at it and he said that it was the air-conditioner compressor outside that was tripping the b"
K&S Heating and Air,1,3 years ago,True,no_callback,"""a technician will contact you shortly and no one contacts me""",The company failed to follow through on promised callbacks to resolve the issue.,"This company is absolutely deplorable. I would give ZERO stars, if possible. The AC unit in my parent's home went out and I have been calling for 3 days. Everytime, they state "" a technician will contact you shortly and no one contacts me"". Its is over 100 degree weather daily. This home is a brand "
K&S Heating and Air,1,4 years ago,True,repeat_calls,"""4 calls by me in 2 days. No call back yesterday afternoon once again.""",The customer had to make multiple calls without receiving a callback.,"Very poor customer service.  Extremely poor communication with customers.  I have had an AC unit that is under warranty that needs to be fixed, that has been broken for 1.5 months in the heat of summer, and its still not  fixed.  Very little communication over 1.5 months from K&S, and only when I ca"
K&S Heating and Air,1,8 years ago,True,no_callback,waited for more than 5 hours for the call,"The customer waited for a promised call that never came, leading to a 5-hour delay.",First Texas Home owner. Everything was good until K&S didn't call me 30 minutes before they arrive as they promised. They went ahead working on my AC unit without my permission. I waited for more than 5 hours for the call and finally they arrived without any notification. Still paid the service. How
K&S Heating and Air,1,2 years ago,False,none,none,no communication issue,A once good company that now only wants to sell you endless repairs on the warranty service.  Last they came out it was an endless list of repair items.  On a hunch we had a different company come and were nor surprised thar we only needed lines tightened.  Also saved money because we didn't need an
K&S Heating and Air,1,3 years ago,True,other_comm_problem,"After calling another company, they opened the coil and we could",The customer had to call another company to get the issue resolved.,"Really bad experience with this company. Technician diagnosed a gas leak, and proposed two options, to refill the gas or do a leak detection and gas refill.
Of course the leak detection would cost additional 250 dollars. Well, if the system is leaking this bad, it was fairly easy to detect the leak "
K&S Heating and Air,1,Edited 6 years ago,False,none,none,No communication issue mentioned in the review.,"Original review 9/20/19: They sent out a subcontractor (did not say K&S on their shirts, had a different company name). The techs told me there were 3 problems: 1. Needed new thermostat, 2. Needed to replace an outdoor wire, 3. Needed to clean the coil

They quoted $450 as the price for the new ther"
K&S Heating and Air,1,5 years ago,True,other_comm_problem,they basically said they no more offer either option,The customer was informed of a change in delivery/pickup policy without being offered alternatives.,I have ordered Filters 20x25x4 from K&S for last 6 years for my current house as they installed the unit when we built the house. Filter used to be delivered for free when their tech used to be in the area or i used to be able to pick it up without any cost. I always purchased the box. Today i calle
K&S Heating and Air,1,3 years ago,False,none,none,No communication issue was mentioned in this review.,"I called Lex Air in May 2022 because my main zone wasn't cooling real well, and was having trouble getting below 75 degrees.  They agreed to send a technician out and perform diagnostics for $80-90 per hvac zone (I have two).  Apparently they dispatch individual technicians from multiple collaborati"
K&S Heating and Air,1,2 years ago,False,none,none,No communication issue mentioned in this review.,"Reggie was a terrific technician; fast, courteous and diagnosed the problem fast. The company charged me $450 for a capacitor that I found online for $39.00..... $39.00. That price did NOT include the service call! $450.00 for a $39.00 part. STAY AWAY FROM THIS COMPANY!"
K&S Heating and Air,1,Edited 5 years ago,True,repeat_calls,"""No one had contacted me at 537pm so I called the company""",The customer had to call the company again to confirm their scheduled service.,"I am only giving this one star becuase zero is not a choice.  My builder used this company to intall the HVAC units on our new build.  I failed to have the HVAC company to come out prior to the end of my builder warranty period with the builder (due to COIVD, my fault I spaced it out).  I called in "
K&S Heating and Air,1,6 years ago,True,other_comm_problem,"""When i called them back they made it a point advise me of a trip charge""",The company was uncooperative and unwilling to help with a follow-up issue.,"I’ve used them for years hoping to develop a good relationship, but they’re work is temporary and just ok. I can’t overlook this last issue where they misdiagnosed my problem, charged me over $800 to fix it only to have my Air go out the very next day with the same problem. When i called them back t"
K&S Heating and Air,1,Edited 5 years ago,True,no_callback,"""guaranteed to get a call back from a technician which never happened""",The company failed to follow through on promised callbacks to address an AC unit issue.,"The one-star review is due to lack of communication, and follow through last week we called with an AC unit issue on two separate occasions. We spoke with whoever is answering the phones for you guys and we're guaranteed to get a call back from a technician which never happened. I called back the fo"
K&S Heating and Air,1,6 years ago,True,repeat_calls,We called around 11 am and was told that they were sending a message to the technician to give us a call for the second time.,The customer had to call multiple times to get an update on their appointment.,My husband called and set up an appointment for Saturday between 8-10am.  We called at 10:15 and was told he might be running behind. We called around 11 am and was told that they were sending a message to the technician to give us a call for the second time. We called at 12pm and got the answering 
K&S Heating and Air,1,4 years ago,True,other_comm_problem,they pay for these fake reviews that hold absolutely no merit,The company's communication was untrustworthy and possibly fake.,I have been waiting for this company to actually show up to do there job for 3 days. 7 month old baby’s don’t like the heat. Literally it’s them coming out and replacing one part. But apparently there to busy to care about any of there consumers. My best guess is they pay for these fake reviews that
K&S Heating and Air,1,5 years ago,True,no_callback,I could never get a call back from them,The customer was unable to get a call back from the company.,"I wish I could give them two different reviews. I had great experiences with their guys, my poor experience was with the office and the brand they sell Lennox. They must know by now how terrible the quality of Lennox is, and yet they continue to sell them as ""high end"". I paid a lot for a whole new "
K&S Heating and Air,1,Edited 4 years ago,True,no_callback,they’ll call a tech and that they will call me back and never call back.,The company failed to follow through on promised callbacks regarding the customer's issue.,Absolutely worst customer service. Everyone I have spoken with has been super short on the phone and rude and one lady even hung up on me. Our air keeps going out in our brand new home and it takes a week to get someone to actually schedule an appointment. I have called and all they say is they’ll c
K&S Heating and Air,1,Edited 4 years ago,True,no_callback,Never did call back.,The company failed to follow through on promised callbacks.,"Doesn't call back. Called and talked with multiple people, all said would call back. Never did.

Update: visited twice, did their maintenance package - not sure what was included in that...

Called them to do a repair on my unit, they said they would call to schedule me for service, again - four day"
K&S Heating and Air,1,3 years ago,True,no_callback,Said someone with call me in 30 minutes.,The company failed to follow through on a promised callback.,This company was paid tens of thousands of dollars to install AC units in my townhouse complex.  At least half have failed.  Today I discovered only 3 air ducts in my house were actually blowing air and hot air at that. Called at 10am said would have someone out between 12 and 5. They no called no s
K&S Heating and Air,1,Edited 6 years ago,True,no_answer,they had no answer,The customer was not provided with a response to their issue.,"They just want to charge money for cleaning the drain instead of fixing the leak even though there is no blockage.  Even after cleaning the drain for  the AC, it is still leaking water into the secondary drain,. Now the technician  cameback and said they need to install the splash guard for 700 $.  "
K&S Heating and Air,1,5 years ago,True,other_comm_problem,She hung up the phone on me when I tried to explain,The customer service representative hung up on the customer.,"The customer service lady was very very rude and disrespectful. She hung up the phone on me when I tried to explain to her that my A/C is not working.
This service uses Lennox coils for the A/C which are known to go bad every time. Its a 104 degrees hot in dallas and she didn’t help me get a technic"
K&S Heating and Air,1,5 years ago,True,no_callback,"""still haven’t heard back from anyone""",The customer was not called back after requesting service.,It has been almost a week since I have requested service and still haven’t heard back from anyone. Reached out to the number for the auto response and she was also no help. She said basically I should call back tomorrow because she couldn’t help me. Not offering to take info or even try to at least 
K&S Heating and Air,1,6 years ago,False,none,none,"No communication issue, review focuses on employee behavior and professionalism.","I have never used them personally but after seeing one of their emplyees at Brookshires screaming at a man, I will never call these people. He peeled out of the parking lot and from the stop sign down the road. He had the logo of his company on the truck. I would be very ashamed to have someone work"
K&S Heating and Air,1,5 years ago,True,no_callback,The CSR promised that the Manager will call me back by end of the Monday,The customer was promised a callback but did not receive one.,My house is under warranty and K and S are the contractors that my builder put me in touch with when my AC stopped working. They came to check the system and found out the refrigerant was leaking. I have been waiting since a month now without AC and they have not fixed my AC yet. The CSR promised th
K&S Heating and Air,1,4 years ago,True,no_callback,not a single phone call,The customer was not called back after being promised a callback.,Called to have system serviced and was told a tech would call back to schedule an appointment.  2 weeks and not a single phone call.  Wouldn't complain but this has happened 3 times before.
K&S Heating and Air,1,4 years ago,True,no_callback,"""right away"" was 10 hours ago",The company failed to follow through on a promised callback within a reasonable timeframe.,This is my first time to ever review any company or service. I Honestly have no idea how this company is still in business.  Our AC has been out since yesterday and I was told this morning that a technician would call me “right away”. That was 10 hours ago.
K&S Heating and Air,1,3 years ago,True,other_comm_problem,They install through builders but do not service their customers.,The company failed to provide service to their customers after installation.,"Beware. They install through builders but do not service their customers. Even if they make a mistake and it’s a warranty call…they want to charge you. Then, if you don’t want to pay because it’s under warranty they stop servicing you."
K&S Heating and Air,1,6 years ago,True,other_comm_problem,didn’t have the courtesy to call and confirm they were running late,The company failed to communicate with the customer about their appointment status.,"Failed to show up for a scheduled appointment and didn’t have the courtesy to call and confirm they were running late or not coming. Perhaps if your not in the right zip code, you need not apply for their help."
K&S Heating and Air,1,4 years ago,False,none,none,"No communication issue, review is about driving skills and vehicle condition.","And worst driver of 2021 goes (bxz2359)
Please use the proper signals when swerving between lanes in your big white van. Also has no brake lights on vehicle"
K&S Heating and Air,1,Edited 3 years ago,False,none,none,no communication issue,"The three places they install dampers the duct is leaking.
Very poor installation and couldn't solve the air balancing problem."
K&S Heating and Air,1,6 years ago,True,other_comm_problem,Worst service,"The customer experienced poor service overall, with no specific communication issue mentioned.",If you have money to waste call these guys. Worst service and no warranty for the work they did.
K&S Heating and Air,1,5 years ago,False,none,none,no communication issue,Do not use this company!!!! The technicians are great but the office staff is horrible & amazingly rude.
K&S Heating and Air,2,a year ago,True,repeat_calls,After calling them 4 times and they said they would have someone reach out to me.,The customer had to call multiple times to get an update on their repair.,Please don't use for emergencies. They came out once to diagnose told me I needed a replacement compressor and then never updated me on when that would be. After calling them 4 times and they said they would have someone reach out to me. So I had no a/c and no communication on when it would be fixed
K&S Heating and Air,2,2 years ago,True,other_comm_problem,The trust between me and the company was violated no one care.,"The company's communication and responsiveness declined after a merger, violating customer trust.","The company has merged with several other companies. Customers service has been lost in the process. Filters were invoiced, yet never changed.  Service was great until the merger. The servicemen seemed to care about their customers and the work. Not sure what is going on but the quality of sevice ha"
K&S Heating and Air,2,Edited 3 years ago,True,on_hold,I then received a text at 3:30pm saying the tech was on his way.,The customer had to wait 1.5 hours for an ETA after calling the service.,Update 7-6: AC lasted 6 days before issues returned. I again could only get a hold of the answering service who wasn't rude but wasn't helpful. I did get a call from K&S the next morning (today) and was told a tech would be out today. I then received a text at 3:30pm saying the tech was on his way. 
K&S Heating and Air,2,3 years ago,True,no_callback,"I was told someone would call me on Friday, even waited 48 hours and no one called.","The customer was not called back as promised, requiring them to call again.","My heater went out starting 11-23-22. I have had a technician come out 3 times. (11/23, 11/28 and 12/1) still no heat. Apparently the first tech ordered the wrong part and as the home owner I’m being punished for it. I was told someone would call me on Friday, even waited 48 hours and no one called."
Dallas Plumbing & Air Conditioning,1,2 months ago,True,other_comm_problem,I was then troubled by how their representative,The customer was troubled by the company representative's response.,"I am writing to express my disappointment with the level of service I have received, especially given the significant amount I paid for it. I invested over $18,000 with your company and, with that, expected a much higher standard of customer service and accountability than what was provided.
I had m"
Dallas Plumbing & Air Conditioning,1,5 months ago,False,none,none,"No communication issue, the problem was with the service provided.","I don't know who does their mailer copy. They offered a Water Heater Flush +  Free Camera Inspection for $79.  Sounded good because I wanted to see how deteriorated the unit is. They got here and told me the camera was for the drains and this was more of a whole house inspection,  which I didn't wan"
Dallas Plumbing & Air Conditioning,1,6 months ago,True,other_comm_problem,"""he called his supervisor for a second opinion""",The customer was dismissed and not given a clear explanation for the initial technician's actions.,"Genuinely had a terrible experience. Called for a drain clearing special, $83 or free. When the technician came out, he did zero diagnostics on the drain and instead insisted on us doing a $500 main drain clean out and $400 for a clean out installation. When he called his supervisor for a second opi"
Dallas Plumbing & Air Conditioning,1,6 months ago,False,none,none,No communication issue mentioned in the review.,"Technician was very late arriving. The appointment was 8-11 am, he showed up at 12:30. He had a thick accent and was. Wry difficult to understand. He had to leave twice to go get parts and still did not have everything he needed to complete the repair. Substantial damage was done to the wall in the "
Dallas Plumbing & Air Conditioning,1,5 months ago,True,other_comm_problem,"""I told them yesterday evening over the phone""",The customer felt their phone call was not properly followed up on.,"Nothing against the techs, but I was just quoted almost $800 to replace $20 worth of PVC.  The coupons I received in the mail are apparently a new thing for the company and must not have been valid for what I needed.  I told them yesterday evening over the phone that I needed the PVC drain line repl"
Dallas Plumbing & Air Conditioning,1,a year ago,False,none,none,No communication issue mentioned in the review.,$1800 main water line repair only lasted 2 weeks.  I thought I had a “new” water issue and called another company to fix it.  Turns out the previous work by Dallas Plumbing was crap and new company fixed it for $750.  They replaced entire line and added new shut off valve rather than patching it up 
Dallas Plumbing & Air Conditioning,1,10 months ago,False,none,none,No communication issue was reported in this review.,"I have used Dallas Plumbing & Air in the past, and really did not have an issue till this last time. I had a leaking toilet that they came out to fix. They replaced a Toilet Fill valve and the flapper/tip lever for $418.00.  If that's overpriced so be it.

However that is not my issue, the tech aske"
Dallas Plumbing & Air Conditioning,1,2 months ago,False,none,none,No communication issue mentioned in the review.,"Came in for a ""free"" maintainance, ended up with a blown compressor.. Never again letting this company near my house.. AVOID AT ALL COST"
Dallas Plumbing & Air Conditioning,1,11 months ago,True,no_answer,no one answered my calls or texts,The customer's calls and texts were not answered after payment.,"WARNING!!!   DANGER!!!

This company is in bankruptcy.  They suggested I replace my hot water heater for greater than $5000.  This did NOT fix the problem.  Once they took my money, no one answered my calls or texts.      They will not make the problem right, yet they were quick to take my money.  A"
Dallas Plumbing & Air Conditioning,1,Edited 11 months ago,True,no_callback,"They no-showed again , no call , no nothing .",The company failed to follow through on scheduled appointments and did not call to cancel.,"So very disappointed in this well known local company. I enrolled in their monthly plan for twice yearly checks on the A/C and heating system . I made an appointment and they no-showed . I called them and they rescheduled for the following day . They no-showed again , no call , no nothing . I was wi"
Dallas Plumbing & Air Conditioning,1,a year ago,True,repeat_calls,I have called 3 times and each time the agent says yes,Customer had to call multiple times to resolve an issue.,"They are complete disaster.  I don't recommend using this company.  They told me that their service charge was $131.00 to come out and diagnose the issue, but if I used their service to fix the problem, I would not be charged the $131.  They did the repairs for me, and I was still charged that.  I h"
Dallas Plumbing & Air Conditioning,1,a year ago,False,none,none,"No communication issue, review focuses on service quality and pricing.","I had a very frustrating experience with this company. They advertise reliable and affordable drain cleaning services, but that couldn't be further from the truth. They charged me an outrageous $359 for a 5-10 minute service. To make matters worse, the technician gave an incorrect diagnosis, claimin"
Dallas Plumbing & Air Conditioning,1,11 months ago,True,other_comm_problem,"""Over the phone, despite not having seen the unit, they immediately suggested""",The customer felt the diagnosis was premature and based on an upsell tactic.,"Our recent experience with Dallas Plumbing and Air Conditioning was thoroughly disappointing and, frankly, felt like an attempt at an unnecessary upsell. When our hot water heater stopped working, we initially contacted them. Over the phone, despite not having seen the unit, they immediately suggest"
Dallas Plumbing & Air Conditioning,1,Edited a year ago,False,none,none,no communication issue,"If I could give no stars I would.
Dallas Plumbing treated us so well a few years ago when we had to replace pipes under our home. They’ve done a bit of work on our AC, and in general were wonderful to deal with. We have paid thousands of dollars to this company over the last few years, and we’re gra"
Dallas Plumbing & Air Conditioning,1,11 months ago,False,none,none,no communication issue,"A few weeks ago I (made the mistake of) having a new A/C unit installed by Dallas Plumbing and A/C. The unit would continually stop working due to condensate constantly backing up into the unit. After Dallas Plumbing made multiple unsuccessful attempts to fix the problem, I finally called roto roote"
Dallas Plumbing & Air Conditioning,1,7 months ago,True,other_comm_problem,"""sell me the job over the phone without even coming to see the job""",The plumber attempted to sell the job over the phone without an in-person visit.,"Requested a plumbing quote from Ft. Worth home show and was turned off when the ""master plumber"" called me while in transit to sell me the job over the phone without even coming to see the job!  That's a ""no bueno"" for me."
Dallas Plumbing & Air Conditioning,1,a year ago,False,none,none,No communication issue mentioned in the review.,"We had Dallas Plumbing & Air Conditioning come out to fix our home AC unit. I was fairly positive the issue was the capacitor, which turned out to be the case. Unfortunately I was traveling and couldn’t be home to fix it myself - I’m no expert but do know the part is generally <$40 and it’s a very s"
Dallas Plumbing & Air Conditioning,1,10 months ago,True,repeat_calls,Have called again said tomorrow between 8- 11,The customer had to call multiple times to get a new appointment scheduled.,It seems as they don't have time to come when they say between 1-3. You sit always waiting on some one just in case they come early.  Have a wet bathroom as AC is leaking through wall from AC. Just had service on May 12/2025 too! It has been leaking in closet for awhile now. Have called again said t
Dallas Plumbing & Air Conditioning,1,4 months ago,False,none,none,no communication issue,"Booked an appointment with a mail-in promo, company jacked up price 4x on day of appointment"
Dallas Plumbing & Air Conditioning,1,Edited a year ago,True,no_answer,can not get anyone to answer calls,The customer was unable to reach the company by phone.,"Price was too high, the gentlemen that came out were nice and professional BUT work was not done well.. improperly installed. Tried to call them back and can not get anyone to answer calls, or return emails.. This is no longer a family owned company that had an awesome reputation when we had used th"
Dallas Plumbing & Air Conditioning,1,Edited a year ago,True,other_comm_problem,"Calling the office i get a ""we'll call you back""",The customer was repeatedly promised a callback but did not receive one.,"9 months ago I left a rave review, really thought Dallas Plumbing was great and would vouch for that.  NOT ANYMORE!!! Bought the membership, every time an inspection is done i like the technician but feel like I am trying to be sold on the spot. I usually decline. I did not on August 28th. Was told "
Dallas Plumbing & Air Conditioning,1,a year ago,False,none,none,No communication issue mentioned in the review.,"Do not use these people. They quoted me a price to fix a toilet that was $650 more than anyone else and it was not even an urgent call. That was during normal business hours. The trip charge of $119 should have also been a warning sign, but I was just not thinking. I will NEVER call them again."
Dallas Plumbing & Air Conditioning,1,a year ago,True,other_comm_problem,Never called to acknowledge any issues with meeting the time.,The company failed to communicate about their failure to meet the appointment time.,Don't use this company if you need them to respect an appointment time. Made appointment days in advance. Told they were on there way 30 min into th appointment window and never showed up. Never called to acknowledge any issues with meeting the time. Don't waste your time with this group.  There are
Dallas Plumbing & Air Conditioning,1,a year ago,False,none,none,No communication issue mentioned in the review.,"Don't BE FOOLED.  Dallas Plumbing isn't 'Dallas' at all...they are a large national corporation with a web of complicated layers and hurdles that prevent you from working on complaints.  They take advantage of the elderly, they over price and make unnecessary repairs.  They charged outrageous prices"
Dallas Plumbing & Air Conditioning,1,a year ago,True,other_comm_problem,"""I could have done that over the phone at the office""",The representative was dismissive and implied phone communication would have been sufficient.,"House got hit by lightning, needed to get a quote for repairs to AC unit. Shawn came out and was polite until we told him we wanted a quote for full replacement and for repair of the current unit. ""I could have done that over the phone at the office, I drove an hour out here."" Plus he complained we "
Dallas Plumbing & Air Conditioning,1,3 months ago,False,none,none,no communication issue,Overpriced and not easy to work with when I was out of town and my water heater started leaking.
Dallas Plumbing & Air Conditioning,1,2 years ago,False,none,none,no communication issue,"Good company, but be cautious to get exact pricing on show up fee in advance of the worker showing up, and once the assessment has been completed on issue, get exact details and costs, and get a second opinion. Getting a second opinion allowed us to get work done and save $800plus repairs that Dalla"
Dallas Plumbing & Air Conditioning,1,2 years ago,False,none,none,"No communication issue, but a billing and service issue.","I strongly advise NOT TO USE this plumbing service.  Either they do not know what they are doing or they use ""bait & switch"" methods of doing business.  Continually quoted the wrong price on a basic service after asking numerous people numerous times and it was always the same.  Five minutes before "
Dallas Plumbing & Air Conditioning,1,a year ago,False,none,none,No communication issue.,Was here for 5 minutes; just unhooked something and charged me $242.  He then priced a repair at $1800.  I already had a bid for less than half that.  Unbelievable! I definitely won’t be call these guys again.
Dallas Plumbing & Air Conditioning,1,7 months ago,False,none,none,No communication issue mentioned in the review.,"If I could give no stars, I would. Will never. EVER use this place of business for as long as I live."
Dallas Plumbing & Air Conditioning,1,a year ago,True,repeat_calls,"""multiple threatening phone calls""",The company made multiple threatening phone calls to the customer.,"Working with this company for a new HVAC system has been a horrible experience. First, the system they installed was lower efficiency than the bid. They called immediately after the instillation and demanded the second 1/2 of the payment. When we refused to pay them until the issues were corrected, "
Dallas Plumbing & Air Conditioning,1,a year ago,False,none,none,No communication issue mentioned in the review.,"Terrible experience. The excavator Dallas Plumbing hired tore up and broke irrigation lines that still aren't repaired more than a week after the job was ""finished"". They insisted on installing an easy-access emergency shut off whichI did not ask for. They put it behind a new Japanese maple. Easily "
Dallas Plumbing & Air Conditioning,1,Edited 10 months ago,False,none,none,"No communication issue, review focuses on service quality and pricing.",I won't use this company again for anything.I hired for AC maintenance and was told by them that my fairly new unit was leaking refrigerant and it would cost $750 dollars to fill back up. Hired another company and they said unit was it top condition and didn't require anything. Dallas Plumbing lied 
Dallas Plumbing & Air Conditioning,1,a year ago,True,no_answer,He will not answer my phone calls,The customer was unable to reach the representative by phone.,I paid $14K for a new air conditioning and furnace unit that was installed last August.  It was installed incorrectly and caused extensive water damage in my home.  I contacted Carlos at Dallas Air and he did not come out to see the damage.  He is refusing to pay the remediation company for them to 
Dallas Plumbing & Air Conditioning,1,Edited 2 years ago,True,other_comm_problem,He replaced the battery in my water heater detector (I had to provide the batteries),The technician was unprepared and lacked necessary equipment for the service.,I received a coupon in the mail for a cheap water heater inspection that came with a “water heater flush and free camera inspection for your sewer”.  The technician who came was not equipped to perform any of those tasks. He replaced the battery in my water heater detector (I had to provide the batt
Dallas Plumbing & Air Conditioning,1,2 years ago,True,other_comm_problem,after contacting the company they said the tech would arrive later that day,The company failed to communicate the new arrival time effectively.,"Scheduled an appointment and was required to pay a deposit for service via credit card in the amount of $750.  the day of service the tech DID NOT show up during the scheduled appointment time, after contacting the company they said the tech would arrive later that day and again failed to show up.  "
Dallas Plumbing & Air Conditioning,1,3 years ago,True,other_comm_problem,They ask you to repeat all of your account information each time,"The customer service reps lacked access to account information, requiring repeated details.",I would not recommend this company to anyone!  They have a national call center that answers their phones and the reps do not have access to any owner account.  They ask you to repeat all of your account information each time because they cannot see your service details or account details.  Company 
Dallas Plumbing & Air Conditioning,1,2 years ago,True,other_comm_problem,"""Had to call them when the supervisor didn’t show up""",The company failed to follow through on promised communication and service.,"Terrible customer service. Repeatedly just telling me what I wanted to hear and never honest or upfront. Tankless water heater went out, needed it fixed or replaced. Was told on the phone a tech could fix it upon initial visit, wrong. They can’t and don’t do that. Asked if I could just upgrade, was "
Dallas Plumbing & Air Conditioning,1,Edited 2 years ago,True,other_comm_problem,"""I spoke with dispatch yesterday and a rush was placed on the order""",The customer had to contact dispatch multiple times to get a rush on the order.,"Well at the time of my initial review, although 100+ degrees, I encountered a technician, Jimmy who was nice and patient who replaced a connector on the system at a cost of $400 but the heat continued with multiple attempts to correct the system.  Unfortunately it's still 100 degrees inside of my ho"
Dallas Plumbing & Air Conditioning,1,2 years ago,False,none,none,No communication issue mentioned in the review.,"I’ve looked at the reviews and it seems that Dallas Plumbing doesn’t employ it’s own techs. Some reviews are great. The ones rated one star like my review are similar to our experience.
My husband signed a contract to have Dallas Plumbing repair/replace a Toto toilet that was 6 years old. The proble"
Dallas Plumbing & Air Conditioning,1,2 years ago,True,other_comm_problem,Expecting to scam us in to unnecessar,The technician implied they were trying to scam the customer into an unnecessary service fee.,- they have a process where they first send a technician (typically charges 120) and THEN send the real work people another day- other services did same day. Thankfully I didn’t get charged 120 since it’s only for fixing and not first time installation but still a tedious process when others do it q
Dallas Plumbing & Air Conditioning,1,2 years ago,True,repeat_calls,"""multiple calls""",The customer had to make repeated calls to get a response from the company.,"RUN !!!!  BEWARE!!!!
I have been a client of Dallas Plumbing (original company) for 30 years.  They were awesome but were sold sometime in the past few years.
We thought it was the same family-owned company.  We paid $5,000 deposit ($25,000 estimated total cost) to replace two AC units in June 2023."
Dallas Plumbing & Air Conditioning,1,2 years ago,True,repeat_calls,"""Multiple calls later, after multiple reschedules(!)""",The customer had to make multiple calls to get a response and schedule a repair.,"I rarely write reviews - even more rare to leave bad reviews as I believe its bad Karma - that being said, I'm compelled to write this poor review of Dallas Plumbing. My water bills were outrageous this summer and found the culprit was a running toilet in a guest bathroom I don't often use. I receiv"
Dallas Plumbing & Air Conditioning,1,2 years ago,True,other_comm_problem,"""Called these guys for a gas leak repair""",The technician showed up intoxicated and unable to perform the job properly.,STAY FAR AWAY FROM THESE PEOPLE!!!!!Called these guys for a gas leak repair. Told me it was a FREE CHECK to see where the problem was and then would be quoted price for repairs. Called again and they said $120 for a check.... Called again and said free gas leak check. Guy shows up and can HARDLY EVE
Dallas Plumbing & Air Conditioning,1,a year ago,True,other_comm_problem,"""I got transferred to someone who began asking about my A/C units""","The customer was transferred to the wrong department, causing confusion and miscommunication.",DPC installed my tankless water heater. When they called about my account I thought perfect. I have been meaning to call for a routine maintenance. Then I got transferred to someone who began asking about my A/C units. Should have been my first clue. Then they said I needed to talk to someone in plu
Dallas Plumbing & Air Conditioning,1,2 years ago,True,repeat_calls,We have reached out over 100 times,The customer had to make numerous calls without receiving a response.,Never use this company! Since they have sold the company it is a complete mess over there. I have never seen a company so disorganized and unable to repair my AC after 4 weeks of saying they are trying. We have reached out over 100 times and hardly any feedback. I have been told 3 times now that the
Dallas Plumbing & Air Conditioning,1,2 years ago,False,none,none,"No communication issue, review focuses on service quality and repair problems.",Terrible service!!! Do not use them!!! We had a toilet leaking at the bottom and asked them to come to do the fix. The technician fixed the bottom leaking but broke another park which lead to leaking at the top. We have to find another plumber to fix the leaking to prevent them charge a lot. But aft
Dallas Plumbing & Air Conditioning,1,2 years ago,False,none,none,No communication issue mentioned in the review.,"I’m very disappointed with the service. My AC was not working I called around and Dallas plumbing quoted me over 100 for a service call, when i declined they changed the price to 59.  I agreed they came out checked my unit for about 10 min or less came back to me and said i needed to replace the who"
Dallas Plumbing & Air Conditioning,1,Edited 9 months ago,False,none,none,No communication issue mentioned in the review.,"Charged a fee, did nothing and only solution was to dig my neighbors property. Would never use them again. Looking to change out a shower strainer or transition solution and that was my only option to dig up my house. Ridiculous"
Dallas Plumbing & Air Conditioning,1,2 years ago,False,none,none,"No communication issue, but a billing dispute and lack of transparency.","I called for a simple inspection to be done on my a/c system and was told it would be $69.99. My husband was yhe one home for the service and when the tech was done, he told my husband that the total was $400. He asked why and was told that it was the maintenance that was done on the unit that we di"
Chapman Air & Heat,1,a year ago,True,other_comm_problem,said they would be right over for an emergency call and it took them 4 hours,The company failed to meet their promised response time for an emergency call.,Absolutely horrendous service. would not recommend to the people i strongly dislike. said they would be right over for an emergency call and it took them 4 hours. then the only thing they cared about was the credit card information when we have been loyal customers for 10 years. i would rather sit i
Chapman Air & Heat,1,2 years ago,False,none,none,No communication issue.,I have Chapman servicing my AC and heating units for over 20 years. I see them a minimum of twice a year and they have always been very professional and very responsive. This last time I had some equipment that had to be replaced and I was shocked at the prices. When I question the prices a salesman
Chapman Air & Heat,1,2 years ago,False,none,none,No communication issue mentioned in the review.,"Do NOT use Chapman Air.  I spent over $30,000 on a new Trane four-zone variable speed system, with new furnace, condenser,  duct work, dehumidifier, and air scrubber.  A year and a half later, the system still isn't working correctly.  Chapman's workers dropped tools and damaged the new white oak ha"
Chapman Air & Heat,1,7 years ago,False,none,none,No communication issue mentioned in the review.,"In my opinion, this company does not care about customer service. We had a house built just over 2 years ago. We hsvr 3 AC systems that Chapman installed. Actually, we were told that Chatman used subcontractors to install the systems. We've had numerous problems with these systems, refrigerant leaks"
Chapman Air & Heat,1,5 years ago,False,none,none,No communication issue.,"As I sit here in an 84 degree living room trying to think of a nice review about my experience...we spent around $20K on two top of the line AC units with new duct work. This was to replace the 15 year old units that we were having problems with. Well, one of them works fine in the back of the house"
Chapman Air & Heat,1,12 years ago,False,none,none,No communication issue mentioned in the review.,"Anyone who says that Chapman heating and air is the best at what they do, obviously do not know the service industry.   They charged my relative 400$ to replace a simple capacitor.  This company demonstrates the lack of compassion most modern day fly by night company's incorporate.  Charge you the h"
Chapman Air & Heat,1,6 years ago,True,no_callback,when you want to question what they charged you,The company failed to return the customer's call to discuss a billing issue.,"They are thugs. Please save yourself from being ripped. They are arrogant and crooks. They will replace an $ 18 item for $318 . Yes , I am not kidding and then they will not return your call when you want to question what they charged you. We just got ripped off by them. Please don't let this happen"
Chapman Air & Heat,1,12 years ago,False,none,none,No communication issue mentioned in the review.,"I strongly advise against letting these guys do repair work until they clean up their act.  I had a bad capacitor that they tried to charge – get this - $378!  Mind you, I could buy this very same capacitor all day long for $30-$35 at Allied or other parts distributors and I don’t even get bulk or c"
Chapman Air & Heat,1,9 years ago,False,none,none,"No communication issue, customer is complaining about product quality and repair costs.","Chapman installed a brand new Trane unit into my house when it was under construction.  I have lived in the new house less than two years and I have had three Freon leaks.  First they had to repair a pipe outside, the second the pipe was near the inside unit.....now third time they say the leak is i"
Chapman Air & Heat,1,7 years ago,True,other_comm_problem,they were under warranty and didn’t contact us for over 2 business days,The company failed to contact the customer within the expected timeframe under warranty.,Chapman air has the absolute worst customer service. They were under warranty and didn’t contact us for over 2 business days... they have stillborn fixed the issue.
Chapman Air & Heat,1,3 years ago,False,none,none,no communication issue,Our AC was having issues. The guy who came out only made things worse. We had to call another company who said they used the wrong Freon and over pressured the system.
Chapman Air & Heat,1,3 years ago,False,none,none,No communication issue.,They Installed a defective part and would not warrant it. I had another AC company install the same part for a third of the price. Their customer service is awful!
Chapman Air & Heat,1,4 years ago,False,none,none,no communication issue,"Treats their employees poorly,  don’t payout final checks, overcharging equipment please check prices online, and your owner is a crook."
Chapman Air & Heat,1,2 years ago,False,none,none,no communication issue,They were going to charging me $500 for a $35 capacitor. Beware.
Chapman Air & Heat,1,4 years ago,False,none,none,no communication issue,I strongly recommend you go with a different company. They are crooks!
Chapman Air & Heat,1,4 years ago,True,other_comm_problem,Laughed at me on the phone when I called for a service for the same day.,The customer was mocked on the phone when requesting same-day service.,Laughed at me on the phone when I called for a service for the same day.
Chapman Air & Heat,1,4 years ago,False,none,none,no communication issue,Dishonest unprofessional and disgraceful bunch of crooks
Chapman Air & Heat,2,Edited 8 months ago,True,repeat_calls,"I have been sitting around since 11:30 AM, called two or three times.",The customer had to call multiple times due to lack of scheduling updates.,"Scheduling is not good.  Noon to 5:00 PM window, promised 30 minutes notice.  I have been sitting around since 11:30 AM, called two or three times.  4:45 PM, they say no time soon, not sure when.  Unhappy."
Chapman Air & Heat,2,13 years ago,False,none,none,No communication issue mentioned in the review.,"The tech who just fixed my AC was a nice guy. Did the job in 30 minutes. I needed a capacitor. Lets see:

$89 for service - He was here for 27 minutes so that is about $180.00 per hour. I would have been willing to pay a service minimum about that high so I won't complain too much.

$7 for fuel. OK."
Chapman Air & Heat,2,12 years ago,True,on_hold,"""Was given a 10-2 window today.  It's 4:00 and still tech is not here.""",The customer was left on hold for an extended period beyond their assigned window.,"Awful customer service.  Day 3 of trying to get a/c fixed.  Extremely long windows and never, not once, have they arrived in that time frame.  Was given a 10-2 window today.  It's 4:00 and still tech is not here.  ""Running behind, traffic, other call taking longer..""  I've heard it all.  I don't wan"
Chapman Air & Heat,2,13 years ago,False,none,none,No communication issue was mentioned in the review.,"I called the company as the capacitor in my air conditioner had failed and I also wanted the coolant levels checked. A new capacitor costs less than $20 and R-22 does not cost anywhere near $162 per pound. Once I received the bill I asked why it was so expensive, I was told these are our book prices"
Chapman Air & Heat,3,Edited 10 months ago,True,other_comm_problem,"no messag, no text and I NEVER received it",The customer did not receive a confirmation message or text about the technician's arrival.,"It pains me to write this review because we’re so grateful for the help Bobby the technician provided. However, it’s been two months since we reported our broken AC unit, and Chapman has failed to resolve it despite four reschedules.

While two delays were due to rain, the others were caused by diso"
Chapman Air & Heat,3,11 years ago,True,repeat_calls,We have been leaving messages since this morning.,The customer has been leaving repeated messages without a response.,We have been leaving messages since this morning. We are still having the same problem you guys came out for yesterday.
Chapman Air & Heat,3,3 weeks ago,False,none,none,"No communication issue, the problem was with the HVAC system's thermostat.",We built a new house and Chapman installed three HVAC systems. We’re now two years in to the house and have contracted with Chapman for an annual service agreement agreements. The thermostat on one of our systems broke within the first two years and it is a $300 repair. I am surprised to have any is
Chapman Air & Heat,4,12 years ago,False,none,none,no communication issue,"Chapman Air & Heat replaced our entire heating / cooling system. We were very pleased with the system until about 13 months later when the cooling coil developed a leak due to a manufacturer's defect. The parts were covered by warranty, but the 1 year labor warranty had expired by 3 weeks. Chapman r"
Chapman Air & Heat,4,11 years ago,False,none,none,No communication issue.,"Chapman was very timely and responsive, and fixed my problem.  The supervisor came onsite after initially running into a problem with a technician who did not correctly identify the A/C problem.  He made it right, didn't up charge me, and was extremely professional.  I will use them again in the fut"
Chapman Air & Heat,4,3 years ago,False,none,none,no communication issue,Bobby always does a great job keeping my air/heat maintained and repaired if necessary. I always ask for Bobby. He is the best.
Chapman Air & Heat,4,2 years ago,False,none,none,no communication issue,Good explanation of the issue with the AC’s but still did not solve the issue with inadequate AC cooling in several rooms of my home. I am still using fans in my den to make it cooler.
Chapman Air & Heat,5,6 months ago,False,none,none,no communication issue,Very happy with Chapman Air and Heat.  I had a great experience.  I worked with Suyin.  Suyin did an excellent job guiding me through several options. She was very detailed oriented.  Installation went smooth great attention to detail.  Things like putting down floor protection.  They cleaned up the
Chapman Air & Heat,5,10 months ago,False,none,none,No communication issue.,"Chapman Air & Heat did a great job of installing a new A/C unit at my house.  The price was reasonable & competitive.  The office staff (especially Sue & Jeff, the ones that we dealt with the most) were exceptional at all times.  They were friendly, helpful, and good at what they do.  They really we"
Chapman Air & Heat,5,a year ago,False,none,none,no communication issue,"We’ve been customers of Chapman for over a decade. In fact, they installed our original system in our house when we built it. Over the years they’ve continued to provide excellent service and their technicians, especially Bobby, are extremely professional. Would recommend Bobby & Chapman to any fami"
Chapman Air & Heat,5,a year ago,False,none,none,no communication issue,"We have been using Chapman air and heat since the 1990’s. Of all the technicians who have serviced our home, Alex is the BEST! In addition to doing his job well and providing outstanding service, he is very kind and polite. !!!"
Chapman Air & Heat,5,a year ago,False,none,none,no communication issue,"Chapman air completed maintenance on both of my units.  Bobby arrived on time and explained the entire process.  He was thorough, knowledgeable, and professional. The invoice I received was a detailed recap of his work.  I’m a very satisfied customer.

Holly Veazey"
Chapman Air & Heat,5,a year ago,False,none,none,no communication issue,"This is the second time that Tech Alex has made A/C Tune-up visit to my house. Just as the first time, he and work mate took time to diligently service my unit; followed by a detailed report of unit condition as well as potential future components issues to watch out for. GREAT JOB!!"
Chapman Air & Heat,5,Edited a year ago,False,none,none,No communication issue.,"This season, Dwayne performed the servicing of our units.  Another job well done.  Dwayne was prompt, courteous and professional.  Continue to have the highest confidence in Chapman.

David and Tendo did a great job servicing our air units. They were prompt, courteous, knowledgeable and very cautiou"
Chapman Air & Heat,5,a year ago,False,none,none,no communication issue,"Alex took his time to troubleshoot and found the issues with my unit that appears to have been overlooked by other Chapman technicians in the past.
He is very thorough,  professional and I really appreciate that.
I will request to have him next time I need a check up!"
Chapman Air & Heat,5,2 years ago,False,none,none,no communication issue,"I have used Chapman for the past 9 years for my annual maintenance as well as other minor problems. They are always so easy to work with in setting up appts and always let me know when the technician is on his way. The techs have always been pleasant, easy to work with, informative and helpful. Thum"
Chapman Air & Heat,5,3 years ago,False,none,none,no communication issue,"We have been using Chapman at our 2 businesses and our home since 2014.   Whenever we need service I just give Karen a call and she gets us on the schedule usually the same day or the next day.  The techs are polite and knowledgeable.  I have dealt with the same tech, David, for many years.  He's al"
Chapman Air & Heat,5,2 years ago,False,none,none,no communication issue,"I have used Chapman a couple of times and they were great. But this last time was even better! Dwayne did a fantastic job explaining the issue with my old unit. He was very professional and kind to my yappy little dog. Two thumbs up. Thanks again, Dwayne."
Chapman Air & Heat,5,a year ago,False,none,none,no communication issue,"Bobby from Chapman is the best. He’s always responsive and is incredibly knowledgeable and helpful. He got us totally set up at our new place, even as things were crazy during our remodel!"
Chapman Air & Heat,5,a year ago,False,none,none,no communication issue,Chapman has been helping us maintain the HVAC systems in our stores for many years. They provide quality work and do their best to schedule us as quickly as possible. Karen is always friendly and nice to work with.
Chapman Air & Heat,5,Edited a year ago,False,none,none,no communication issue,"Alexander was outstanding!   Very friendly, professional and informative.   He is a great representative for your company.   Very impressive!

5/3/24.  Bobby and Foley did a great job!  Very friendly and helpful.  Excellent customer service again!  Thank you"
Chapman Air & Heat,5,Edited a year ago,False,none,none,no communication issue,Chapman air completed the summer maintenance on all my units with care and reassurance that things are being done correctly.  I really appreciate Bobby who was leading the service with his helper.  He has been servicing my units since 2017.  They changed out my filters and did a great job.  I really
Chapman Air & Heat,5,3 years ago,False,none,none,no communication issue,We have been using Chapman Air for the past few years after our previous A/C company increased their rates. So far we are completely happy with their service. Their service men are friendly and competent. They also are very clean.  No mud or debris brought in after servicing the outdoor unit. Highly
Chapman Air & Heat,5,2 years ago,False,none,none,no communication issue,"I’ve been using Chapman Air for years, as they also installed our system. Bobby always shows up on time. When he is here, he abides to the special requests we have. He is also very knowledgeable and courteous. I will always request his services first if he is available."
Chapman Air & Heat,5,8 months ago,False,none,none,no communication issue,Sue did a great job of coordinating our AC project and was very easy to work with!
Chapman Air & Heat,5,2 years ago,False,none,none,No communication issue.,"As always, David Miles with Chapman Air & Heat, did a great job checking and maintaining my air conditioning system. They call ahead to let me know they are on the way, arrive on time, perform the service in a professional and efficient manner and alert me to any issues that need to be resolved. I a"
Chapman Air & Heat,5,Edited a year ago,False,none,none,No communication issue.,Dewayne goes beyond his way to get u handled. Not only did he do the tune up on my ac . He also made sure everything else was working like it was suppose to be. Anytime I need something done I'll call Chapman to set up an appointment and ask for Dewayne to come out. He's got a great since of humor a
billyGO Air Conditioning & Plumbing,1,3 months ago,False,none,none,"No communication issue, customer complaint about service quality and pricing.","Came for a leak check. Didn’t do a thing, gave me an overpriced quote and took the emergency service fee. Literally took 10 mins to complete the process. I personally spent more time finding the leak  then he did"
billyGO Air Conditioning & Plumbing,1,2 years ago,False,none,none,No communication issue mentioned in the review.,Very poor service but they did fix the leaks but they didn’t fill the dirt all the way back and they left a brand new hose and trash for me to clean up. Thank you for the water hose I can use it. Also they try to take the dirt with them but come on my guy atleast put it back like if it was your hous
billyGO Air Conditioning & Plumbing,1,7 months ago,False,none,none,No communication issue mentioned in the review.,"Based on ChatGPT I selected BillyGO company to fix my A/C. Next day, Jordan Wiggins arrived on time, diagnosed the problem and asked me to sign a Job Order to be sent to my email address. He was impressive and professional. However, this is where the positive ends. The next day two technicians arriv"
billyGO Air Conditioning & Plumbing,1,8 months ago,False,none,none,No communication issue mentioned in the review.,"It's with both sadness and frustration that I leave this review. My partner and I were convinced two years ago by a BillyGo agent to buy a new HVAC system. We decided to go for some upgrades as well, including smart thermostats and redoing some duct work. Since then, there have been multiple issues "
billyGO Air Conditioning & Plumbing,1,9 months ago,False,none,none,No communication issue found in the review.,"My foundation company paid for Billygo to inspect my house plumbing after foundation repair. Their technician could not find the 2nd cleanout so he told me to pay couple thousands to install one. I called a 2nd company for different opinion, and funny enough, they found the 2nd cleanout. My foundati"
billyGO Air Conditioning & Plumbing,1,Edited a year ago,True,other_comm_problem,"When I called this business, the service manager only wanted to discuss about the blame.",The service manager was uncooperative and defensive when the customer called.,Outrageous prices. My elderly parents were referred to BillyGO by me ( sadly ) hoping to save them some money. My father told me he was charged for over $7500 for a SINGLE electric hot water heater. Yes there were other item equipment installed. But my God the outrageous prices. If you have elderly 
billyGO Air Conditioning & Plumbing,1,a year ago,False,none,none,No communication issue mentioned in the review.,"This was a terrible experience after I gave them money for a worthless maintenance contract. Then when I did have an issue they charged me to diagnose it and quote almost $3000 for the fix. I laughed because the tech even told me the AC was working fine so had I used his recommendation, the heat wou"
billyGO Air Conditioning & Plumbing,1,a year ago,False,none,none,No communication issue was reported in this review.,We called because we had a clogged drain somewhere causing backup. After clearing the drain an inspection was done with the cameras and found a pipe under the house that was broken due to roots. It was of course VERY expensive to fix since they had to tunnel under my slab house. They came the next d
billyGO Air Conditioning & Plumbing,1,3 years ago,False,none,none,No communication issue was reported in this review.,"I called due to a leaking outside faucet.  The lady on the phone was very nice and positive.  The young man (repairman) who came was very nice and squeaky clean in his dress.  He was very polite and explained to me how he would replace the faucet, BUT first he would go to the truck to prepare the qu"
billyGO Air Conditioning & Plumbing,1,7 months ago,False,none,none,no communication issue,"The BillyGo plumber came to check out the whole-house water filtration system and quoted me $20,000. That’s insane!"
billyGO Air Conditioning & Plumbing,1,Edited a year ago,False,none,none,No communication issue mentioned in the review.,Sadly I now realize how I was soo overcharged for labor for installing damper motor for hvac. It’s appx  $95 part Honeywell part..total bill was $580. First guy sent out refused give breakdown for part/labor. Jordan quoted me $580 for 1 damper…still no part #. My recent home inspection guy wanted th
billyGO Air Conditioning & Plumbing,1,a year ago,False,none,none,No communication issue mentioned in the review.,We are totally disgusted with BillyGo HVAC and Plumbing. Their prices are through the roof. Said our freon was low a pound or so and would assess whether to do a leak test or not. Then he puts his gauges on it and then writes up an estimate for 1315 WITH discount. That includes 800+ to add stop leak
billyGO Air Conditioning & Plumbing,1,a year ago,True,other_comm_problem,"""Troy, refused to write me a report""","The customer was refused a promised report, indicating a communication breakdown.","The call request was to get a free inspection report for the unit with a repair. Troy, refused to write me a report , although I accepted to do do the repair. The technician was extremely pushy and was pressuring me to buy a membership. He initially gave me a price, but when it was time to pay, he a"
billyGO Air Conditioning & Plumbing,1,Edited a year ago,False,none,none,No communication issue was mentioned in this review.,"A technician came to diagnose the air conditioner unit in my townhouse, and he found leaked, $279, on the evaporator coil. He charged me about $2,500 for the labor minus $279 that I already paid down to $2,221. This was the total shock to me to pay for the labor. So I called around and found another"
billyGO Air Conditioning & Plumbing,1,2 years ago,True,after_hours,it is already 8:35 pm but i haven't received any call,The company failed to contact the customer after hours.,billyGo Plumbing Heating is a worst company i had ever dealt with.  for a simple plumbing job that is replacing a broken Toilet water tank.  we had to wait for almost 1/1/2 day for the plumber to arrive.  the plumber from billyGO looked at the broken water tank and took some pictures and then disapp
billyGO Air Conditioning & Plumbing,1,a year ago,False,none,none,No communication issue.,"The technician that came out from Billy Go, tried to sell me on a brand AC new unit costing 11k. Thankfully, I had insurance and suffered through the additional three days it took for them to come out. They said he had turned my unit off at the box, when all it needed was to be cleaned out. He had i"
billyGO Air Conditioning & Plumbing,1,2 years ago,True,other_comm_problem,which they could not provide even after giving specific details,The company failed to provide an estimate over the phone despite providing specific details.,"I had a terrible experience with this company, the only reason I am giving them a 1 star is that the technician came out on time.

I had a clogged toilet in my master bathroom and after running an auger thru it I noticed roots. I used a measuring tape to check how deep the roots were and it turned o"
billyGO Air Conditioning & Plumbing,1,6 years ago,False,none,none,No communication issue was mentioned in this review.,well today In was at my wife's parents and their (badge 5) disposal broke. I looked online for a decent plumber and Billy Go came up. I downloaded the app and made an appointment. He was 30 mins late so they took $1 a minute off plus $59 for using and downloading the app. So as I waited for the Quot
billyGO Air Conditioning & Plumbing,1,8 months ago,True,other_comm_problem,does not honor warranties trust me call anyone but these people,"The company failed to honor warranties, leading to distrust in their business practices.",This company charges to much for some off brand hvac unit then does not honor warranties trust me call anyone but these people..
billyGO Air Conditioning & Plumbing,1,2 years ago,False,none,none,"No communication issue, customer complaint about technician's behavior and pricing.",Technician who came by to give me a quote was arrogant and rude.  His initial thought on the estimate was close to 3k more than another estimate I received so I told him thanks but was too high for me.  He then started to question me on what the other company would do and telling me good luck with a
billyGO Air Conditioning & Plumbing,1,a year ago,False,none,none,no communication issue,"Had Billy go come out to clear a sewer line blockage.   Charged $980 and didn't fix blockage.   Said I needed to replace all sewer lines for $27,000.   Drain Doctor came out next day and cleared blockage in 30min for $200."
billyGO Air Conditioning & Plumbing,1,2 years ago,True,other_comm_problem,"""they don’t give me my money back because this company’s installer installed it""",The company failed to refund the customer after a returned item was deemed used due to their installer's actions.,"Terrible place.
They’ve come to my house numerous times, first for a thermostat issue. They tried to charge me TRIPLE, but the tech told me which one to order from Amazon. Turns out that was the wrong one, I return it and they don’t give me my money back because this company’s installer installed it"
billyGO Air Conditioning & Plumbing,1,3 years ago,False,none,none,No communication issue was mentioned in this review.,"Paid handsomely for emergency leak repair on Saturday.   The leak was not properly diagnosed or repaired, so we requested another visit on Monday.   When the plumber showed up, he said something else was wrong that he did not detect on Saturday and charged another substantial fee to finally stop the"
billyGO Air Conditioning & Plumbing,1,a year ago,False,none,none,"No communication issue, review focuses on service quality and pricing.","Came to clean out drain, broke snake off in pipe under house then quoted 24,000 to reroute sewer line. Technicians may get percentage of income they generate. President's proposal to solve problem was to jack hammer my living room foundation to get to pipe. Stay away from this company. Since learned"
billyGO Air Conditioning & Plumbing,1,Edited 2 years ago,True,other_comm_problem,"""Very recently their customer service is not great at all""",The customer experienced poor customer service from BillyGo.,"Hi all, this is my second review after 3 years on BillyGo. I have been a customer with them since 2019. I have used them for drain cleaning and HVAC replacement & maintenance at two of my properties. Very recently their customer service is not great at all and every time the tech comes in for standa"
billyGO Air Conditioning & Plumbing,1,4 years ago,False,none,none,No communication issue mentioned in the review.,"Last Friday, I got a clogged drain, they told me my situation is very complicate and gave me a quote of almost $600 to fix my problem.  After the work,  they told me I have a bigger problem so they can't give me warranty,  and gave me a quote for 20K to solve the problem. Just one hour after they le"
billyGO Air Conditioning & Plumbing,1,5 years ago,True,other_comm_problem,didn't want to waist time driving an hour,"The technician failed to physically visit for a free estimate, instead giving a high price over the phone.",Well I had an appointment today. Received a text that the technician was on his way. I get a call from a technician stating he wanted to give me an estimate over the phone because he was an hour away and didn't want to waist time driving an hour.  Remind you that I received a free estimate. Without 
billyGO Air Conditioning & Plumbing,1,3 years ago,False,none,none,No communication issue mentioned in the review.,"I've been using BillyGo for a long time, but this is the first time I've seen such an unfriendly technician. He is the guy who I never want to meet again. And also, he worked only 10 minutes for simple electricity problem and charged me $280 something."
billyGO Air Conditioning & Plumbing,1,2 years ago,False,none,none,"No communication issue, customer had a problem with the service charge.",I called this company for two of  my toilet were not flushing.  They came and changed the Toilet Fill Valve with Tank and Bowl Water Control . My husband had to change that in the past for less than $20.They charged me $660 .This too much charge.
billyGO Air Conditioning & Plumbing,1,4 years ago,False,none,none,no communication issue,"If it takes five different plumbers to fix a sink, I would change your business model. BillyGo consists of a whole lot of inexperienced plumbers making quick fixes with terrible final products. Don’t waste your money on a membership. Just go with another company as a whole and save yourself tons of "
billyGO Air Conditioning & Plumbing,1,2 years ago,True,other_comm_problem,Left me high and dry.,The plumber's initial statement about not performing water jet service on weekends caused a communication issue.,Scheduled water jet service with dispatcher the day before Easter (a Saturday). Plumber arrived and informed us that they do not water jet on weekends. Then quoted me $800 to camera/snake an already pulled toilet. Left me high and dry. Would give 0 stars if I could.
billyGO Air Conditioning & Plumbing,1,2 years ago,False,none,none,No communication issue mentioned in the review.,Very poor company. Inexperience technician. Not know what they are doing. Cost me double money to correct the issue from other company. The blower the installed was after market and they charged me for original Lennox blower. If you have choice don't consider them at all. You will end up paying more
billyGO Air Conditioning & Plumbing,1,3 years ago,False,none,none,No communication issue mentioned in the review.,"DO NOT USE THEM, they are complete rip off. I called for new water heater, got a quote of $6000. Manager tells me he can't even get water hear for $2700 where I can just walk to lowes or home depot and get for $1400 and higher year warranty. I called few other companies and they all have quoted me b"
billyGO Air Conditioning & Plumbing,1,3 years ago,False,none,none,"No communication issue, customer had a problem with the company's services and pricing.","This company advertises a $0 diagnostic fee, however, they charge you a $120 travel fee! Tech did a diagnostic of my HVAC system and quoted me around 750 DOLLARS to replace 2 capacitors. Mind you that capacitors cost around $15 each and are around a 10 minute job to change out. Went to the HVAC stor"
billyGO Air Conditioning & Plumbing,1,2 years ago,False,none,none,no communication issue,They are driving their truck around on very bald tire that’s about to blow.  If they can’t spend the money to maintain their trucks then I’m not going to trust them with my projects.
billyGO Air Conditioning & Plumbing,1,4 years ago,False,none,none,No communication issue was mentioned in this review.,They sent someone out on an emergency service call for my mother's ac unit because it stopped blowing cold air. The repair man was out there for maybe 10 minutes and said it would cost $7000 to replace the whole inside and outside unit (even though he never checked the inside unit) he said the freon
billyGO Air Conditioning & Plumbing,1,3 years ago,True,other_comm_problem,no technician is available - and I would need to be rescheduled,The customer was not informed of the technician's unavailability before the scheduled time.,"Unfortunately, technician did not show for service. An hour after the scheduled start time I was contacted saying that no technician is available - and I would need to be rescheduled.

Thing is, this is the second reschedule - and I am not sure I am going to go a third. Many companies out there that"
billyGO Air Conditioning & Plumbing,1,4 years ago,False,none,none,no communication issue,Just to re-ignite the heater they charged us $200 for 5 min job. This is really crazy and they are always trying to upsell and very highly priced compare to other. Won't recommend. Bad experience.
billyGO Air Conditioning & Plumbing,1,4 years ago,False,none,none,no communication issue,"They are quite expensive, charged $250 restocking fee for a canceled service for generic parts which I was told they carry in their truck. Be aware."
billyGO Air Conditioning & Plumbing,1,3 years ago,False,none,none,no communication issue,They wanted my credit card info before they would come out and give me a free quote. Seems very scammy.
billyGO Air Conditioning & Plumbing,1,4 months ago,False,none,none,no communication issue,Driver in van 52 road raging with another car
billyGO Air Conditioning & Plumbing,1,6 years ago,True,other_comm_problem,Their lack of response,The plumber failed to respond to the customer's attempts to reschedule.,"This plumber never showed for appointment. Then couldn’t even reschedule for a first am appointment. Their lack of response, cost us money. Very unprofessional, would not recommend."
billyGO Air Conditioning & Plumbing,1,2 years ago,False,none,none,no communication issue,Dishonest by trying to charge for unnecessary fixtures. Will never ever use them.
billyGO Air Conditioning & Plumbing,1,4 years ago,False,none,none,no communication issue,Find someone else. Garcia rip off.
billyGO Air Conditioning & Plumbing,1,2 weeks ago,True,repeat_calls,We contacted BillyGO at 11 and tried to find out when the crew would show up,The customer had to call multiple times to get an update on the crew's arrival time.,Ricky Diaz was first point of contact with BillyGO and he was great. Issac and Alex made the needed sanitary line repairs and they were great also. After Ricky determined had a leak and a tunnel needed to be dug we were told a crew would be out the next morning to dig the dirt so repairs could be co
billyGO Air Conditioning & Plumbing,1,a month ago,True,repeat_calls,"""multiple calls to dispatch a technician for my scheduled appointment""",The customer had to make multiple calls to get a technician dispatched for their scheduled appointment.,"I called to request a service appointment between 8 and 9 AM for my two pipe HVAC system in my condominium. When I set the service appointment, I specifically emphasized that this was a two pipe system to be sure that the technicians knew how to service them.
The technician arrived at 10:30 AM for t"
billyGO Air Conditioning & Plumbing,1,3 years ago,False,none,none,no communication issue,"Wasn't really in the market for a $2,839 50 gallon water heater, before their $517 warranty and pressure for annual subscription!  This job is worth $950 max. Whatever."
billyGO Air Conditioning & Plumbing,1,6 years ago,True,other_comm_problem,no charge for service call,"The service was late and the diagnosis was incorrect, leading to wasted time and money.",Scheduled service for Sun between 12 & 1. Showed up at 4:30 for sewer backup in master bath. Tech said main sewer line to street was stopped up. Would cost $430+ more for each line in house. Said thanks but no thanks. Called city of Denton and they came out for free & checked main line & said it was
billyGO Air Conditioning & Plumbing,1,6 years ago,False,none,none,No communication issue.,"Way too high $600 higher than 3 other Master Plummer’s bids on same install .
I called the company and told them they were over bidding and they laughed ... well laugh at this review !"
billyGO Air Conditioning & Plumbing,1,2 years ago,False,none,none,No communication issue.,I called for a quote a while back and the guy called me on way and asked more about quote and laughed at the fact that i was looking for an ac unit price under 10k which others provided and bought so their loss
Unlimited Air Conditioning and Heating,1,a year ago,True,other_comm_problem,he no-showed,The technician failed to show up for the rescheduled appointment.,First appointment he called 2 hours before to tell me it was too cold outside to do a routine air conditioning check up (the high was 62 degrees that day). Rescheduled to the following week and he no-showed.
Unlimited Air Conditioning and Heating,1,2 years ago,False,none,none,No communication issue was mentioned in this review.,My Ac went out I called Unlimited . The tech showed up tapped the Thermostat and tightened a wire . He said I needed a new thermostat but he did not have one on his truck. Charged me $143.00   trip charge . I will never call them again.
Unlimited Air Conditioning and Heating,1,8 years ago,False,none,none,"No communication issue, but poor work quality and unprofessional behavior.",Do not call these guys if you need quality work for a difficult job. I had an appointment scheduled for 1pm they arrived around 2pm and left the job site before the work was completed. I personally walked around with the guys to show them and explain what I needed done. Which included fixing 2 units
Unlimited Air Conditioning and Heating,1,6 years ago,False,none,none,No communication issue mentioned in the review.,Unethical business. Made a service call for one of my outdoor AC units for functioning properly. The root cause a bad capacitor. The technician recommended replacing the capacitors in both my outdoor units. They quoted my $573.00 for two capacitors. I was in a bind and have young children at home so
Unlimited Air Conditioning and Heating,1,2 years ago,True,no_callback,Frank said he would call back in 15 mins and never did,The customer was not called back after a promised callback.,"No showed an appointment and provided zero communication. Frank said he would call back in 15 mins and never did and didn't show.

Extremely disappointed in how they're doing business."
Unlimited Air Conditioning and Heating,1,4 years ago,True,other_comm_problem,No communication.,The customer felt there was a lack of communication about the technician's ETA.,Had an appointment scheduled for 9:30am.  I'm texting at @ 9:45 asking for an ETA.  Technician arrives at 10:10am saying they are there.  Got tired of waiting and left.  Poor Service!   No communication.
Unlimited Air Conditioning and Heating,1,5 years ago,True,no_callback,they said they would call back but never did,The company failed to follow through on a promised callback.,"Called them on a friday, they said they would be out on monday. It came to wednesday and they still had not shown up. I called in to check and they said they would call back but never did."
Unlimited Air Conditioning and Heating,2,3 years ago,True,other_comm_problem,they never got back with me,The company failed to provide a breakdown of the estimate and respond to customer inquiries.,"First of all, they did not alert me to let me know that they were not coming on the suppose date that they were supposed to come. Then when they came the next day, they gave me an estimate two different prices. They did not break the estimate down as to say how much the actual part would cost, and h"
Unlimited Air Conditioning and Heating,2,2 years ago,False,none,none,no communication issue,If you want to pay full retail prices and $400 for a 35 min AC check.
Unlimited Air Conditioning and Heating,5,6 months ago,False,none,none,no communication issue,"Cleber was awesome, very professional, honest and got us taken care of.  We had a different company come out before but something felt off so we called Unlimited.  They were amazing!  Trust worthy and thorough. We would definitely recommend Unlimited!"
Unlimited Air Conditioning and Heating,5,5 months ago,False,none,none,no communication issue,Frank and the crew were amazing to work with! These guys have been doing HVAC services for almost 20 years now so their expertise and experience speak for themselves. Worth all the money that you're going to invest in them so I highly recommend!
Unlimited Air Conditioning and Heating,5,6 years ago,False,none,none,No communication issue.,"Frank (owner) was highly recommended to me as a professional with high quality standards, after working with him I agree. He was very responsive to my questions and my requests (no matter how outlandish, keeping old equipment that I had replaced on my own throughout the years).

We had a leak in our"
Unlimited Air Conditioning and Heating,5,10 months ago,False,none,none,No communication issue.,"AMAZING SERVICE! I spend a lot of time doing my research before contracting someone to do an expensive project like heating and cooling. They are honest, fair priced and if you have issues they will come out quickly and resolve the issues. You don’t need to look at any of the 1-star reviews because "
Unlimited Air Conditioning and Heating,5,2 years ago,False,none,none,No communication issue was mentioned in this review.,My first interaction with Frank was amazing. He was courteous and explained the service procedure. I received same day service which was a bonus. I received a text/email confirmation of my appointment. The best part is the text message had the name and a picture of the person who was coming to servi
Unlimited Air Conditioning and Heating,5,a year ago,False,none,none,No communication issue.,"My uncle and I recently had our unit go on the fritz. Frank found and fixed the issue (needed a new dual capacitor) in no time at all. He's efficient, courteous, and trustworthy. He explains things clearly and I would not hesitate to call him again. Thank you!"
Unlimited Air Conditioning and Heating,5,3 years ago,False,none,none,No communication issue.,"Frank and his team are professional, attentive and provide quick and clear communication. They took the time to explain the work they would complete, provide options for various solutions and prices, and their suggestions for on-going maintenance were valuable. When they did the initial diagnostic, "
Unlimited Air Conditioning and Heating,5,3 years ago,False,none,none,No communication issue.,"After ""successfully"" installing my own thermostat this summer I discovered a little too late (first cold snap of the season) that I wasn't as successful as I thought as the heat didn't work.  I called Unlimited on Sunday & they scheduled me for first thing on Monday morning.
The tech arrived on time"
Unlimited Air Conditioning and Heating,5,3 years ago,False,none,none,No communication issue.,"Frank was extremely responsive. The prices were fair. I compared this business to 12 other well-known places in the Dallas area. Frank got me an appointment the very next day. The service man who came out was clean, polite, professional, and knowledgable. They are a ""legitimate"" business. Confirmed "
Unlimited Air Conditioning and Heating,5,Edited 2 years ago,False,none,none,no communication issue,"Frank and team are responsive, on time and always get the job done. They work to please and over the top careful. One example is we have an off white carpet on our spiral staircase and I asked that they be careful. When they were finished replacing some pretty heavy units upstairs, the carpeting was"
Unlimited Air Conditioning and Heating,5,9 months ago,False,none,none,no communication issue,Prompt and quick same day service. The Cleber was friendly and did a great job explaining things.
Unlimited Air Conditioning and Heating,5,2 years ago,False,none,none,no communication issue,"The customer service was top-notch. Frank is a great guy who is friendly, attentive, and passionate about his work, his team to attention to detail and commitment to customer satisfaction truly stood out. I highly recommend Frank's business to anyone seeking top-of-the-line HVAC services."
Unlimited Air Conditioning and Heating,5,9 months ago,False,none,none,no communication issue,"Fast response, fast, clean and honest work, and everyone was very polite. Great company all around!!"
Unlimited Air Conditioning and Heating,5,10 years ago,False,none,none,No communication issue.,Frank and Alex were great.  I received a call back within 5 minutes and they came over to my house within the hour to check out our A/C issue.  They were extremely professional and thorough with their work.  I'll be recommending them to all my neighbors and they'll definitely be my first call for an
Unlimited Air Conditioning and Heating,5,2 years ago,False,none,none,No communication issue.,"Highly recommend Unlimited Air Conditioning & Heating! After a recommendation from a friend who is a long-time customer of Unlimited (Frank), I reached out to Frank when our A/C suddenly stopped working on a Friday evening. Kleber, one of their team members, arrived at 8 am that Saturday and had our"
Unlimited Air Conditioning and Heating,5,4 years ago,False,none,none,No communication issue.,Frank and his team did an excellent job diagnosing the issue with our furnace blower fan and motor.  They retrieved the parts the same day and had the system repaired early the next morning.  Their responsiveness and service were impeccable.  I will gladly call Frank for all my future HVAC needs.
Unlimited Air Conditioning and Heating,5,3 years ago,False,none,none,no communication issue,"Perfect job again, and ALWAYS way less expensive than every other place. Unlimited Air has already replaced our furnace and did other work for us. This time, we needed better airflow to our bedroom and to reroute our dryer vent. Frank had simple, effective solutions for both, and he gave such a reas"
Unlimited Air Conditioning and Heating,5,4 years ago,False,none,none,No communication issue.,"I called Frank when my home AC could not reach thermostat set point, and had an 8 degree differential. I have a little baby and the house was reading 85.

They came within the hour, were exceptionally kind and easy to work with and they did the most honorable job detecting the issue and problem solv"
Unlimited Air Conditioning and Heating,5,3 years ago,False,none,none,no communication issue,"I have used Frank & his Unlimited AC & Heating for over 10 years. His commitment to quality service, honesty & integrity at a competitive price are unparalleled. I am
glad to recommend him without reservation."
Unlimited Air Conditioning and Heating,5,Edited 2 years ago,False,none,none,no communication issue,"The best in the business in terms of air conditioner repair and best AC tune up in Dallas. Frank and the team at Unlimited Air Conditioning are fast to reply, great to work with, and very fairly priced. They will get you taken care of!"
Unlimited Air Conditioning and Heating,5,3 years ago,False,none,none,No communication issue.,Great a/c service! I was in a pinch to get my hvac system checked out and Unlimited came to the rescue. Called to make an appointment and they had same day service call available. I booked for next day and they showed up and service was completed par excellent! Thanks to the employees at Unlimited F
Unlimited Air Conditioning and Heating,5,5 years ago,False,none,none,No communication issue.,"Extremely professional, quick and honest work! We had an entire 3 ton unit installed with ducts, returns, thermostat, the whole system in order to replace our window units by his team and we couldn't be happier! Frank was recommended by a friend and I'll be gladly be recommending him to whomever nee"
Unlimited Air Conditioning and Heating,5,3 years ago,False,none,none,no communication issue,"Unlimited Air conditioning and Heating is a trustworthy, thorough, and honest company. Frank and his team always do a great job of explaining any issues and getting them repaired in a timely manner. I will continue to recommend this company for any HVAC issues"
Unlimited Air Conditioning and Heating,5,Edited 3 years ago,False,none,none,no communication issue,I've been using Unlimited Air Conditioning & Heating for years.  Frank is extremely reliable and honorable. Always delivers on prompt response and is quick to schedule the job.  He also staffs a good crew.
Unlimited Air Conditioning and Heating,5,3 years ago,False,none,none,no communication issue,Frank and his team do a great job of making sure everything works before they leave. I have used them for two years now and I have never been dissatisfied. Quality work that won’t break the bank. I recommend them for and hvac/ ac work.
Unlimited Air Conditioning and Heating,5,6 years ago,False,none,none,no communication issue,"We have known Frank for well over 10 years. We've referred him out to all of our friends and family, with nothing but positive feedback from all. He and his team are very fair and extremely friendly and honest, so I would recommend unlimited AC in a heartbeat to anyone looking."
Unlimited Air Conditioning and Heating,5,4 years ago,False,none,none,no communication issue,Cleber showed up when he said he would and diagnosed the issue quickly. We had a massive leak in our mini split unit due to it being initially installed poorly (by a different company/contractor). It was completely fixed in a couple hours and blowing ice cold air as well as heat. Great work and reas
Unlimited Air Conditioning and Heating,5,8 years ago,False,none,none,no communication issue,"We have been customers of Unlimited Air & Heating for 10+ years and there is no one better!!!  Frank is the utmost professional, and so very friendly!  He and his team clearly know their trade and they have saved us so much money throughout the years with minor repairs....never pushing us to purchas"
Unlimited Air Conditioning and Heating,5,4 years ago,False,none,none,no communication issue,"My AC sensor kept switching off my outside unit in August. Unlimited Air and heating found that it was a clogged condensation line. Rather than trying to charge me for all sorts of repairs, they were very honest and blew out the line to clear the clog. It now works perfectly and I didn't pay for rep"
Unlimited Air Conditioning and Heating,5,5 years ago,False,none,none,No communication issue.,"I had an excellent experience with Unlimited Air Conditioning. My AC went out the first really hot day of the spring. He made it over same-day for diagnostics. Original assessment was it was going to be a replacement motor for a fan, but when he returned with the new part a few days later it ended u"
Unlimited Air Conditioning and Heating,5,Edited 2 years ago,False,none,none,No communication issue.,Frank & his team are the trust worthy and dependable.  They have been doing my HVAC service work for years.  Replaced another system.  Excellent group of guys. I don’t have to worry about a thing
Unlimited Air Conditioning and Heating,5,6 years ago,False,none,none,no communication issue,"Unlimited Air was recommended to me and they delivered. The service tech was knowledgeable and very professional and was able to get my system up and running again. Frank, thanks for being awesome and fixing our system. I highly recommend Unlimited Air Conditioning."
Unlimited Air Conditioning and Heating,5,6 years ago,False,none,none,No communication issue.,"I highly recommend Frank and his team at Unlimited Air Conditioning and Heating.  They are quick to respond to texts, emails or calls.  They show up when they say they will show up and text you with status updates.  The work is performed quickly, professionally and to a very high standard."
Unlimited Air Conditioning and Heating,5,a year ago,False,none,none,no communication issue,"Very good service, very professional in their work, they left my air system working at 100%, I highly recommend them, they do not leave until they are sure that everything is working correctly."
Unlimited Air Conditioning and Heating,5,Edited 3 years ago,False,none,none,No communication issue.,"Always good service and explanations from Frank or any other of the team that comes out twice a year.  And Frank and his team have always been available and responsive during more ""emergency"" situations.  Thanks!!

Been having Frank and his team service our HVAC since 2013!"
Unlimited Air Conditioning and Heating,5,3 years ago,False,none,none,no communication issue,Unlimited was great. Very friendly and professional staff. They were able to diagnose the problem and resolve it quickly. Cleber made sure to let me know the cost for the parts and service before he did any repairs. I could not ask for better service.
Unlimited Air Conditioning and Heating,5,6 years ago,False,none,none,No communication issue.,"10 star review.

My art studio's AC went out before I had a number of important meetings happening. Called and was asked if I would be there all day, said I would be until it was fixed. Frank said he would have a tech out at 3. 10 minutes later, I get a text saying 1. The crew showed up at 12:40. 20"
Unlimited Air Conditioning and Heating,5,6 years ago,False,none,none,No communication issue.,"Frank and team did a fantastic job replacing the evaporator coil on one of our A/C units.  The team is honest, dependable and very professional.  He didn’t nickel and dime.  He mentioned an upgraded system, but didn’t try to hard sell.  He offered  it as an option, and left it at that.  Will definit"
Unlimited Air Conditioning and Heating,5,10 years ago,False,none,none,no communication issue,"I have used a lot of HVAC companies over the years, along with many other contractors and third party services due to major renovations. I can honestly say that Frank is the most trustworthy person I have ever let into my home to date. He is dependable at all times and really takes the time to walk "
Unlimited Air Conditioning and Heating,5,5 years ago,False,none,none,No communication issue.,"Frank and his team were exactly what we were looking for when we called for after hour service. Our technician was professional, friendly, and most importantly was able to diagnose and resolve the issue in record time. Unlimited Air Conditioning & Heating will be our go to provider for all things HV"
"Jade Air, LLC",1,8 months ago,False,none,none,"No communication issue, the problem was with the service quality and installation.","Jade air came to check on my unit, did something and blew the transformer and the panel. After waiting a week for new parts, they show up at my doorstep and leave them saying they can’t install them. Called out another HVAC technician, over $1500 in damages from Jade Air. Most of the companies I cal"
"Jade Air, LLC",1,4 years ago,True,repeat_calls,Around 2PM I called and was told they were still coming,The customer had to call multiple times to get an update on the service.,"I scheduled a service maintenance request. Gilbert said service person would be here between 10AM  and noon. At 11:45 I called and received a return call within minutes, I was told they had an emergency. They would be here shortly not to leave it would be between 15 minutes maybe an hour or so. Arou"
"Jade Air, LLC",1,6 years ago,True,other_comm_problem,couldn’t get these guys to come out. And actually show up.,The company failed to physically show up for the appointment.,"Absolutely worst HVAC company I’ve ever dealt with. They do not have prices cheap, you can get the same results with any other company for same price or cheaper. I had to end up using A# 1 instead cause I couldn’t get these guys to come out. And actually show up. SAVE YOUR MONEY AND USE A DIFFERENT "
"Jade Air, LLC",1,4 years ago,True,other_comm_problem,They rescheduled on me 5 times,"The company failed to communicate effectively, rescheduling multiple times without a clear resolution.","My A/C broke and they said they’d be able to fix it. They rescheduled on me 5 times, I left work early three of the times to meet them. Incredibly unprofessional and this experience has left me incredibly frustrated. Would not recommend. Find someone else."
"Jade Air, LLC",1,9 years ago,True,no_callback,They never called.,The company failed to follow up with a scheduled callback to schedule an appointment.,Called these people last Thursday to get a quote for an install of a part. They gave me the lowest bid by a lot so decided to go with them. The guy said the part should be in either next day or following Monday. On Friday they said the part hadn't come in so they would call us on Monday when it came
"Jade Air, LLC",1,a week ago,True,no_callback,Never received a call.,The customer was promised a callback but never received one.,Was told over the phone by the owner on a Friday that the cost of service fee to come out the next day was going to be $95 and then was charged $145. I spoke to the owner the day services were rendered and asked why I was charged a different amount and he said he would speak to the technician and ca
"Jade Air, LLC",2,12 years ago,False,none,none,no communication issue,"Gilbert came out promptly on a Sunday morning to tend to our AC problem. He was great at diagnosing the problem and quick to solve it. Replaced a capacitor and installed a hard start, working a total of 1.5 hours on the entire job. A quick look up on the net of the parts he used showed a total of $1"
"Jade Air, LLC",3,3 years ago,True,voicemail,Awful answering service,The customer experienced a poor answering service.,Awful answering service but owner was so open and available for feedback!
"Jade Air, LLC",5,6 months ago,False,none,none,No communication issue.,Called jade because my AC was not working. Very polite and professional on the phone. He walked me through initially troubleshooting my AC while I was in the attic. We figured out the issue while on the phone! Jade was extremely helpful and patient while we walked through the troubleshooting steps. 
"Jade Air, LLC",5,10 months ago,False,none,none,No communication issue.,Incredible team of expert technicians. Jade and Gilbert and their whole team went above and beyond to replace 2 AC units that were from 2003. They found additional issues preventing my AC from running but worked tirelessly with me and my condo neighbors to get it fixed. Most reasonable price for AC 
"Jade Air, LLC",5,9 months ago,False,none,none,no communication issue,"I own a rental property in Dallas. The annual service was done a few weeks ago by Eric from Jade Air. Eric was thorough, polite and arrived on schedule. Eric explained the system and pointed out potential issues and offered maintenance tips. Jade Air is highly recommended for excellent service"
"Jade Air, LLC",5,a year ago,False,none,none,No communication issue was reported in this review.,Our outdoor AC unit would not start. Summer days in North Texas are consistently hitting around 100 degrees. Called Jade Air. Gilbert was helpful and pleasant to speak with. Jade was able to come out within a couple hours. He fixed and cleaned the unit in under an hour. I felt the price was reasonab
"Jade Air, LLC",5,a year ago,False,none,none,No communication issue.,"Hi y'all,  I called Gilbert with Jade air about my ac/heat window unit.  Even though he doesn't work on those, but out of at least 15 calls to other ac repair people,  he is the ONLY one who actually took time out of his day to talk with me about it.  I highly recommend him. My heating is now workin"
"Jade Air, LLC",5,11 months ago,False,none,none,no communication issue,"I have used Jade Air for over a decade both personally at my home and on commercial real estate properties in my career. It is hard to find honest, trustworthy and fair people. When I find companies like Jade Air, I will strategically align myself with them both personally and in industry related fi"
"Jade Air, LLC",5,Edited 7 years ago,False,none,none,No communication issue.,"Update: 2 years after Jade Air installed two brand new units in our house, I called them back out to do routine maintenance. The owner and tech were both very timely, courteous and professional. I would recommend these to anyone as my go to HVAC company.

I was drawn to Jade Air from their reviews o"
"Jade Air, LLC",5,Edited 3 years ago,True,other_comm_problem,the ability of the call center they use to get me through to the right people,The customer had trouble getting through to the right people at the call center.,"I had them replace an AC unit back in 2018, and they did a great job!  They were prompt, courteous and fast.  As for customer service, I will admit I did have a little trouble at first with the ability of the call center they use to get me through to the right people when it came to servicing the un"
"Jade Air, LLC",5,2 years ago,False,none,none,no communication issue,"Gilbert with Jades Air is fantastic. I went through a lot last year with my HOA installing a new roof and causing damage to my unit. Gilbert was there every step of the way. He’s knowledgeable, honest and operates with high integrity. He continues to service and maintenance the AC Unit and I trust h"
"Jade Air, LLC",5,2 years ago,False,none,none,No communication issue.,"I have never reviewed any business and probably won't going forward, but I had to make an exception for Jade Air. I have never experienced such good customer service from any industry, anytime, anywhere. They are responsive, professional, compassionate, and transparent. It was truly amazing to me ho"
"Jade Air, LLC",5,2 years ago,False,none,none,no communication issue,"Over the past few years I have used Jade to fully replace 2 systems and repair parts of two other systems at my rental properties. Gilbert and his team were great to work with, very responsive and get the job done in a timely manner. Highly recommend for a quick and painless process"
"Jade Air, LLC",5,a year ago,False,none,none,No communication issue.,"This is a family owned business that has perfected costumer service. They really do go above and beyond.
Not only did they come out to check our potential hvac problem sooner than I would have expected, they also diagnosed the problem quickly (it wasn't the hvac).  Our issue ended up being a plumbin"
"Jade Air, LLC",5,9 years ago,False,none,none,no communication issue,"Jade Air was great. We had our A/C service done yesterday, 4/29/16. And the people that worked on our unit were very nice and professional. Chris, the person on the phone is very nice and friendly as well. They went out of their way to make sure everything was good before they left. Will use them fr"
"Jade Air, LLC",5,5 years ago,False,none,none,no communication issue,"Like everyone else, I was extremely pleased with Jade Air. I had two new units installed, and Gilbert (the owner) took all the time that I wanted to discuss options, pricing, etc. The work was done very quickly and professionally and for a very fair price. I am very very pleased.  You’ll not find a "
"Jade Air, LLC",5,8 months ago,False,none,none,no communication issue,Highly professional - got there fast - cleaned up afterward - and were very honest in my choices of repair and pricing. Great job all around - thanks y’all!
"Jade Air, LLC",5,5 years ago,False,none,none,No communication issue.,"It's rare that you come across a company so well run that you stop and feel obliged to write them a great review.

Gilbert was outstanding and went above and beyond to make sure that the problem was taken care of. His timely and professional services were a great help to my family and I would not he"
"Jade Air, LLC",5,13 years ago,False,none,none,no communication issue,"We have an older home and when the AC started giving out, we called Jade Air. They arrived promptly and fully explained the problems and the different options. We chose a shorter term solution and they had it fixed in no time. This allowed us to postpone the big purchase for a while, but still have "
"Jade Air, LLC",5,8 years ago,False,none,none,No communication issue.,"This is the first time writing a review regarding my experience with Jade Air.   I'm going 5 stars, and first off, my communication with Chris, was on point and professional.  They organized the visit with my tenant as I was not able to be there to oversee the repair.   While a follow up visit was r"
"Jade Air, LLC",5,9 years ago,False,none,none,no communication issue,"Jade Air's team is very professional and did a great job installing my A/C a few years ago. They are always very responsive, even in the height of summer, to come and address the few issues it has on occasion. When my old freon pipes gave up the ghost about a year ago they did a quick and good job i"
"Jade Air, LLC",5,8 years ago,False,none,none,No communication issue.,"Twice now I have used Jade Air to come out on short notice after our A/C started blowing warm air in the middle of hot summer months after our normal A/C company told us they would not be able to schedule a service for days. And twice Jade Air were super nice on the phone, came out, fixed the proble"
"Jade Air, LLC",5,12 years ago,False,none,none,No communication issue.,"Used several A/C guys around town before finding Jade. They came to make one repair at my old house, did a great job, and I've recommended them to others since then.

Today's service compelled me to write a review. I needed someone out quickly because my house was 87 degrees.  Instead of sending som"
"Jade Air, LLC",5,6 years ago,False,none,none,no communication issue,"Jade Air absolutely saved the day today. After a bad experience with another HVAC company that completely screwed us this afternoon, Gilbert and Jade fit us in and came by at 8pm tonight, Friday night of a holiday weekend. Great guys, quick and efficient service, and we are good to go. They were abs"
"Jade Air, LLC",5,9 years ago,False,none,none,no communication issue,"I'm in commercial real estate and know how much A/C repairs should cost, so it is absolutely infuriating when I get residential service and bills come back well above the true cost!  Not with Jade air.  I've had them working on/servicing one of my AC's for over a year now and have never seen a bill "
"Jade Air, LLC",5,Edited 3 years ago,False,none,none,No communication issue.,"Jade Air's owner, Gilbert, was very honest and patient as he explained what was wrong with my AC unit. No matter when I called, he answered and was so polite and professional. He sent his nephew and friend to replace my unit and they were efficient, effective, and polite.

6/6/2022: Even two years l"
"Jade Air, LLC",5,Edited 4 years ago,False,none,none,no communication issue,I’ve used these guys to repair my ailing AC every summer and they always come through. I love them. These are really good people who do a good job at a very VERY fair price. They are nice and I can't say enough good things about my experiences with them. This is the second summer in a row that one o
"Jade Air, LLC",5,5 years ago,False,none,none,No communication issue.,"Outstanding service and communication. Gilbert was very helpful, knowledgeable, and explained everything in a way that non HVAC experts can understand. Mark the technician was on time, friendly, and let me know what we needed to repair before starting his work. I couldn’t be happier with Jade Air’s "
"Jade Air, LLC",5,7 years ago,False,none,none,no communication issue,"I cannot say enough about Chris and Jade Air. They installed a new system a few years ago, and were conscious about pricing and explained everything thoroughly. As a single woman I was always worried I would be taken advantage of, but they ensured I was comfortable before proceeding. My property is "
"Jade Air, LLC",5,8 years ago,False,none,none,No communication issue.,"We had the best experience with the Jade Air team. They are reliable, trustworthy and efficient and were able to come out to our house ASAP when we had an issue with one of our AC units. They are very professional and also take the time to thoroughly explain the issue and how they will fix it. We ar"
"Jade Air, LLC",5,10 years ago,False,none,none,No communication issue.,"In one word: AMAZING!. Called Jade Air because my AC broke down, they offered to come and check it on the same day. Then they told me they are ""on call"" 24/7 - hard to believe, but is true!. They Came to my house, within minutes found the problem, explained me the whole thought process and replaced "
"Jade Air, LLC",5,8 months ago,False,none,none,No communication issue.,"Very good experience and communication working with Gilbert. My AC stopped working, and Gilbert was very responsive in the process. He pointed me to the solution."
"Jade Air, LLC",5,8 years ago,False,none,none,no communication issue,We have used Jade Air several times over the years. They always quickly respond to our call and make an effort to come out as quick as possible. Arick was able to identify the issue with our AC and fix very quickly. This is a reliable and honest company. The owner talked with me about our issue and 
"Jade Air, LLC",5,4 years ago,False,none,none,No communication issue.,"After getting multiple quotes that were 2-3x higher than expected, I came across Jade Air and was finally quoted an appropriate (and extremely reasonable) repair price to replace an AC unit. The staff communicated very well and were out installing our new unit immediately. Don't waste your time mess"
"Jade Air, LLC",5,7 years ago,False,none,none,no communication issue,"Excellent service. I needed a new unit and they worked with me accommodating my schedule. Customer service is exceptional - I even got a call back to see how everything was working.

My landscaper accidentally cut a wire and they came out same day to fix it. I love Jade Air. The most professional gr"
"Jade Air, LLC",5,8 years ago,False,none,none,no communication issue,"We highly recommend Jade Air.   They replaced our AC and Furnace (which are in 3rd floor attic) about 2 years ago, were polite and professional, and we have been very pleased with the product and the service.  Recently we were trying a self install of a WiFi thermostat and got stuck.  A call to Jade"
"Jade Air, LLC",5,13 years ago,False,none,none,No communication issue.,When I called Jade Air I just needed to have someone get my heat working correctly again.  The owner spent about 25 minutes asking me questions about the issue and walked me through finding a solution.  He also took the time to explain the best way to avoid any more issues and the costs and benefits
"Jade Air, LLC",5,11 years ago,False,none,none,No communication issue.,AWESOME customer service!  I've had a problem with my AC for a while.  I've called out other companies before and nothing compares to the excellent service Jade Air provided.  Scheduling was quick and easy.  The employee that came out was super nice and knowledgeable.  He fixed the problem and even 
"Jade Air, LLC",5,10 years ago,False,none,none,No communication issue was mentioned in this review.,"If I could give more stars I would. My experience with many contractors is they are always up-selling you. Jade Air is the exception. The first company quoted me a new motherboard at $1,900. Jade Air troubleshot my unit in 5 minutes, identified an electrical fault, reset it, and cleaned the condensi"
"Jade Air, LLC",5,11 years ago,False,none,none,no communication issue,"I have used Jade Air for complete replacements of my home’s AC coil and furnace.  Gilbert and Chris area pleasure to deal with.  They are prompt, courteous and will not leave you without air conditioning or heat.  I cannot say enough good things about these gentlemen.  I highly recommend Jade Air an"
"Jade Air, LLC",5,5 years ago,False,none,none,No communication issue.,"Jade Air is #1in my book. Gilbert was amazing, best customer service ever. He helped us over the phone and help us solve our problem, no A/C company has ever done that. On a Sunday night, on a holiday weekend, just amazing service."
"Jade Air, LLC",5,9 years ago,False,none,none,no communication issue,"The team at jade air are exceptionally friendly and helpful! As new home owners that needed our furnace and air conditioning replaced, we found not only their prices to be reasonable but they were super informative and helpful at walking us through the process and information we needed to know. The "
"Jade Air, LLC",5,7 years ago,False,none,none,no communication issue,"Look no further -- Jade Air is the best in Dallas!! After an extensive online research and asking friends/neighbors I elected to go with Jade Air for my current AC problems. Upon calling in, I spoke with Chris who was beyond personable and communicated that he would get a technician to my house asap"
