business,stars,date,time_ago,signal,category,phrase,summary,biz_size,root_cause,pitch,text
Dallas Air Duct Cleaning,1,Edited 6 months ago,,True,no_callback,They refuse to call me back & STILL haven’t called me back.,The company failed to follow through on a promised callback.,small_team,overwhelmed,callback_automation,UPDATE: I’ve tried calling over 5 or 6 times asking to speak to the manager to call me back & they refuse to call me back. They keep saying the manager is not in the office when I call and I leave my phone number for the manager to call me back and they STILL haven’t called me back. DO NOT USE THIS 
Dallas Air Duct Cleaning,1,a month ago,,False,none,none,no communication issue,established,unknown,not_applicable,"I rarely leave negative reviews, but this experience warrants one.

The company canceled my original appointment just three hours before arrival. While inconvenient, I chose to give them the benefit of the doubt and rescheduled.

During the service visit, they identified mold and recommended additio"
Dallas Air Duct Cleaning,1,2 months ago,,False,none,none,no communication issue,unknown,unknown,not_applicable,They charged me $500 for a dryer vent clean that took 30 minutes. I manage a lot of homes in Dallas and I know that is not a fair price. Just be aware they say their dryer vent clean is $79 online but then make up reasons to charge $500 when they are in the home.
Dallas Air Duct Cleaning,1,a month ago,,False,none,none,no communication issue,unknown,unknown,not_applicable,"Do not trust the 3.5K highly rated reviews. The customer service is non-existent. We had two companies come out and provide a quote for full home duct cleaning. Decided to go with this one, mainly due to reviews and price. After the service was done we still noticed dust flowing from the vents. We w"
Dallas Air Duct Cleaning,1,10 months ago,,False,none,none,no communication issue,established,unknown,not_applicable,"Fresh Air Home Services might be competent with air duct cleaning, but their fireplace services are a disaster. I had them replace my fireplace panels, and not only was the job poorly done, but when problems showed up, they flat-out refused to honor their warranty. Instead of taking responsibility, "
Dallas Air Duct Cleaning,1,4 months ago,,True,repeat_calls,"""I called multiple times to have their generated message""",The customer had to call multiple times to get a response.,small_team,overwhelmed,review_management,I tried to book an appointment months ago to get my dryer vent cleaned and it had to get cancelled due to them needing to reschedule. I called again this week to set up an appointment for them to wait until the last hour to reschedule me again for a few days later. I was guaranteed you will definite
Dallas Air Duct Cleaning,1,6 months ago,,True,other_comm_problem,"""had to cancel and reschedule for 2 days later between 2-4pm""",The company failed to keep their scheduled appointment and communicate the delay effectively.,small_team,overwhelmed,review_management,Made an appt to have my dryer vent cleaned and day of appt they had to delay the call. I had to cancel and reschedule for 2 days later between 2-4pm. At 3:30pm I called to check the status and was told he was running 2 more hours late and was assured he would be here. It is now 7:30pm and tech never
Dallas Air Duct Cleaning,1,6 months ago,,False,none,none,no communication issue,unknown,unknown,not_applicable,Called for $99 duct service that I knew would likely be marked up when the technician arrived and explained the services. After a deep cleaning fee of $300 and a separate line item of $150 for duct disassembly there's a final line of a service fee that is tacked on at the very end. Final bill was ju
Dallas Air Duct Cleaning,1,4 months ago,,True,other_comm_problem,"""the technician still did not show up—even until 15 minutes before 10 AM""",The business failed to honor the scheduled appointment time.,small_team,overwhelmed,not_applicable,"I originally scheduled my dryer vent cleaning appointment for 10–12 PM today. Yesterday, they called and said the technician had a personal issue and asked me to move the appointment to 8–10 AM instead. When I said I could reschedule for another day, they insisted I switch to the morning and offered"
Dallas Air Duct Cleaning,1,6 months ago,,True,other_comm_problem,they broke two scheduled appointments in the last minute,"The business failed to honor scheduled appointments, causing inconvenience to the customer.",small_team,overwhelmed,review_management,"I went with google reviews and made an appointment for first time inspection and service , they broke two scheduled appointments in the last minute. One time they said the technician got COVID, the second time one person told me the technician had family emergency while the other employee told me he"
Dallas Air Duct Cleaning,1,7 months ago,,True,no_callback,Office did not call me back all day,The office failed to follow up with the customer after the technician's visit.,established,overwhelmed,review_management,"I called for estimate, Technichian went to my rental  home and gave me four different prices. I chose the basic service, Office did not call me back all day and I felt office did not want to do basic service, Finally got hold of the office and
They  pushed   me do the most expensive service.  I was "
Dallas Air Duct Cleaning,1,Edited a year ago,,True,other_comm_problem,When I called them they said they weren’t responsible for that because it had been over a year.,The company denied responsibility after being contacted about a neglected issue.,established,bad_culture,review_management,"Orlando & Maribel came out and installed some chimney caps. Seemingly, everything was fine, other than the pressure to leave a review (the guys even grabbed my phone to take me to the review) until a year after when the first storm came. The caps flew off the chimneys because they were never screwed"
Dallas Air Duct Cleaning,1,8 months ago,,True,other_comm_problem,they said they would not refund the deposit,The company refused to refund a deposit after a customer cancelled service.,small_team,unknown,review_management,I hate to leave bad reviews but people should be warned. I contacted this company for a quote. The technician came out and was nice enough but he said we needed a deep cleaning and offered a discount to sign up on the spot which I did. I had some time before my appointment was scheduled and my husba
Dallas Air Duct Cleaning,1,6 months ago,,False,none,none,no communication issue,unknown,unknown,not_applicable,2 guys came in for a duct cleaning for a house under 3000sq ft. They looked on everything and after they did a small chat in between them they decided to tell me that it would cost $3200. After I said no they lower it to $1900. Just very overpriced. I got it done including chimney for $820 from The 
Dallas Air Duct Cleaning,1,7 months ago,,True,other_comm_problem,"""I scheduled a dryer vent cleaning and described where my dryer is located""",The customer experienced a bait and switch due to unclear communication about the service cost.,small_team,unknown,review_management,"I scheduled a dryer vent cleaning and described where my dryer is located, the distance and location of the venting and what I was experienceing 2 times and was told both times that the cost would be $79 then when they showed up they took one picture, did some calculations on their phone and said it"
Dallas Air Duct Cleaning,1,7 months ago,,True,other_comm_problem,"""they texted me that they could drop that price to $411""",The company tried to negotiate a price after initially being told no.,small_team,bad_culture,review_management,"The tech was on time and professional. But after looking at our dryer ducting, he tried to upsell me from a $79 advertised fee, to $811 because my vent to the exit was 20 feet. After I told them I didn't want the service they texted me that they could drop that price to $411. I eventually got the jo"
Dallas Air Duct Cleaning,1,7 months ago,,True,repeat_calls,"""I called them at 3:45 to see when he is going to come.""",The customer had to call multiple times to get an update on their appointment.,small_team,overwhelmed,callback_automation,We scheduled an appointment and were told their technician would be there between 2-4.  We did not  receive any updates other than the technician would be there between 2-4.  I called them at 3:45 to see when he is going to come.  They said he wasn’t going to make it there today.  We received 0 upda
Dallas Air Duct Cleaning,1,2 years ago,,False,none,none,no communication issue,established,unknown,not_applicable,"The vent cleaning from Fresh Air was the worst and I am still ""deep dusting"" every surface in my home because their two guys did not know to cover the vent openings allowing only their hose to suck the residue, nor to be sure the A/C was OFF, nor to clean the actual vents before replacing them. When"
Dallas Air Duct Cleaning,1,2 years ago,,True,repeat_calls,I called for a month on and off and finally someone came out,Customer had to call multiple times to get a response.,small_team,overwhelmed,callback_automation,"Called them do do a duct cleaning because I smelled somthing dead and mold. They came out and said they found nothing dead, cleaned my ducts and installed a blue light to prevent growth of bacteria. Well the mold and dead smell persisted. I called for a month on and off and finally someone came out "
Dallas Air Duct Cleaning,1,7 months ago,,True,repeat_calls,"""now they continue to spam me with calls and texts""",The business continues to contact the customer excessively after the job was completed.,unknown,unknown,review_management,"This place is bad news! I had to go out and buy new clamps and re install my dryer myself after they broke the ones I had and tried to put it back together with tape. Then they were no shows 3 times in a row to come finish the job, now they continue to spam me with calls and texts. If you call them "
Dallas Air Duct Cleaning,1,8 months ago,,True,no_callback,"No call, no show.",The company failed to call to cancel or reschedule the appointment.,small_team,overwhelmed,callback_automation,"I would love to rate their actual work. I waited 2 weeks for an appt. Appt was today from 10-12. It is now 1 pm. No call, no show. I took a half day off of work for a company that could not even call if they would not be able to make scheduled appointment."
Dallas Air Duct Cleaning,1,5 months ago,,True,other_comm_problem,cancelled my appointment three times,"The service cancelled the customer's appointment multiple times, wasting their time.",unknown,unknown,not_applicable,"I wish I can give them negative ratings, don’t use the service because they cancelled my appointment three times. Such a waste of time."
Dallas Air Duct Cleaning,1,a month ago,,True,no_callback,Never called or text to let me know they were not coming.,The business failed to notify the customer about the cancellation of their appointment.,solo_operator,unknown,callback_automation,Never showed up for our scheduled appointment. Never called or text to let me know they were not coming. Super rude!
Dallas Air Duct Cleaning,1,a year ago,,False,none,none,no communication issue,unknown,unknown,not_applicable,"I would give zero stars if I could.  Horrible experience.  They lied to make a sale.  All we wanted was to have our air ducts and dryer vent cleaned.  When the tech arrived, he told us if we purchased a UV light system, it would prevent dust accumulation and the air ducts wouldn't need to be cleaned"
Dallas Air Duct Cleaning,1,10 months ago,,True,no_callback,They never showed up.,The business failed to follow through on a scheduled appointment.,small_team,overwhelmed,callback_automation,"Made appointment week in advance for estimate. Since they bring their truck, decided to let them go ahead and do job. Moved furniture for easy access to a/c vents. They never showed up. They called and wanted to schedule for the following week. Typical business, thanks for your trouble but we don't "
Dallas Air Duct Cleaning,1,11 months ago,,False,none,none,"No communication issue, just scheduling problems.",unknown,unknown,not_applicable,"It must be my bad luck because we chose this company because of the 4.9 star rating. They called last minute and rescheduled our appointment on 5/19 and canceled our appointment today 5/24 Memorial Day weekend. We changed our plans for the weekend ""MEMORIAL DAY WEEKEND"" and was disappointed a second"
Dallas Air Duct Cleaning,1,3 months ago,,True,no_callback,No one has called me to try and address this.,The customer was not contacted by the business to address their issue.,unknown,overwhelmed,callback_automation,I have already done this. Worst experience ever! No one has called me to try and address this. My next step is a law suit!
Dallas Air Duct Cleaning,1,a year ago,,True,repeat_calls,"""I had to follow up multiple times""",The customer had to repeat calls to schedule a technician to revisit the prior cleanings work.,established,overwhelmed,review_management,"I called this company for a dryer vent cleaning at the end of December, but after the service, the dryer vent still wasn't working. I had to follow up multiple times, and it took three calls to schedule a technician to come out and look at the prior cleanings work. Eventually, a manager called to te"
Dallas Air Duct Cleaning,1,9 months ago,,True,other_comm_problem,When I called them they said $79,The business provided incorrect information over the phone.,small_team,unknown,review_management,"I booked them for dryer went cleaning
When I called them they said $79 but after they come just for vent cleaning they charged me $431.
And noticed next morning my dryer wasn’t working at all.Not recommended"
Dallas Air Duct Cleaning,1,a year ago,,False,none,none,no communication issue,established,unknown,not_applicable,"Horrible service and unprofessional work!!! They replaced a new vent cap on the roof which required to remove some shingles which is fine. When they were done they didn’t replace the shingles up to the new vent cap to ensure no leakage, just used silicone and they were gonna be done. I told them the"
Dallas Air Duct Cleaning,1,a year ago,,False,none,none,no communication issue,established,unknown,not_applicable,"I had an appointment this wednesday 12/11 with one of your employees Cris, and I was disappointed in the service.  To start, he rescheduled the appointments two days later, and after he completed his job, the quality of his work was very poor. He didn't properly explain the package that I was paying"
Dallas Air Duct Cleaning,1,a year ago,,False,none,none,no communication issue,established,unknown,not_applicable,"The salesman/technician that came to our house tried to take every shortcut he could. While he was cleaning, a large amount of dust from the ducts was falling into our house (see photo) until I insisted he cover them while cleaning. It didn’t take him long and the mess in our house could have been a"
Dallas Air Duct Cleaning,1,a year ago,,True,other_comm_problem,"""the only reason I found out the tech wasn't going to show up was because I had to call the business""",The customer had to call the business to find out the technician wouldn't show up.,small_team,overwhelmed,review_management,Called to schedule an appointment. Was told the technician was supposed to arrive between a two hours window. Technician never showed up and the only reason I found out the tech wasn't going to show up was because I had to call the business. I had to take PTO and now I've wasted four hours of my tim
Dallas Air Duct Cleaning,1,a year ago,,False,none,none,no communication issue,unknown,unknown,not_applicable,This may have been one of the worst interactions that I have ever had with a business. I was calling around inferring about having my ducts cleaned and talked to about 4 companies. Fresh Air Ducts stood out due to price as well as how they sold their process versus their competitors. Later that nigh
Dallas Air Duct Cleaning,1,7 months ago,,True,repeat_calls,Wendy called me 2 days in a row,The customer received repeated calls after declining a service.,small_team,overwhelmed,callback_automation,Wendy called me 2 days in a row after I had them come out quote me 1000$ and I said no to the service
Dallas Air Duct Cleaning,1,a year ago,,True,other_comm_problem,"""quoted $99 on the phone""",The price quoted over the phone did not match the price given in person.,solo_operator,unknown,not_applicable,"This company will try to rip you off. I had a guy come who was very nice, but when he got here tried to get $700+ after I was quoted $99 on the phone. Once I told him no he said he could try to talk to his manager and get the price adjusted. I sent away….do not use this company unless you want to pa"
Dallas Air Duct Cleaning,1,a year ago,,False,none,none,no communication issue,unknown,unknown,not_applicable,"Absolute rip off, had inspection and it did seem like click bait with discounts on several things. we didnt have ducts cleaned for a while, took a chance which was my mistake but the guys had very little experience in cleaning. They started with the return unit, tried to clean it with their dirty ro"
Dallas Air Duct Cleaning,1,2 years ago,,True,other_comm_problem,"When I called to inquire before scheduling, I was told 140 and maybe a bit higher.",The customer was given a different price quote than what they were charged.,small_team,unknown,review_management,"I had them come out last week and clean my dryer vent. They charged me 500 since I had no idea what it costs to have this done. My father is very knowledgeable about air ducts and dryer cleaning. I told him what I was charged after it was done, and he said that they ripped me off. I called and spoke"
Dallas Air Duct Cleaning,1,a year ago,,True,other_comm_problem,"I call, and it is explained to me that whoever took my call input the wrong phone number",The customer service team failed to accurately record the customer's phone number.,small_team,bad_culture,review_management,"DO NOT USE THIS COMPANY.  The customer service team is incredibly unprofessional.  I booked a service for Friday.  Friday comes and goes, no one shows up.  I call, and it is explained to me that whoever took my call input the wrong phone number even through they had the right address.  (Why that exp"
Dallas Air Duct Cleaning,1,6 months ago,,True,repeat_calls,The way they call you over and over and over again,"The company is calling the customer repeatedly, which is annoying.",unknown,overwhelmed,review_management,The way they call you over and over and over again is absolutely ridiculous. I’d rather not do business with a company like this.
Dallas Air Duct Cleaning,1,a year ago,,True,other_comm_problem,They called and told me that they were too busy and too short handed,The company failed to honor their scheduled appointment due to understaffing and lack of availability.,small_team,overwhelmed,review_management,"Took off work for APPOINTMENT with Fresh Air Duct Cleaning to clean my air ducts.   They called and told me that they were too busy and too short handed to show up for the appointment, and wanted to come the next day.    I replied that I took off work to meet them today and could not take off two da"
Dallas Air Duct Cleaning,1,a year ago,,False,none,none,no communication issue,unknown,unknown,not_applicable,"Claimed to repair my dryer duct, charged me to repair dryer duct, and 24 hours later it fell out of wall and turned out the broken sheet metal rotating elbow they charged me to repair was simply duct taped together.  Company claims I declined the repair, which is nonsense.  Ended up paying another c"
Dallas Air Duct Cleaning,1,a year ago,,True,other_comm_problem,"When I contacted them, they insisted it was a preexisting issue.",The company disputed the customer's claim and was uncooperative.,established,bad_culture,review_management,"I usually don’t give bad review but I had a very disappointing experience with this company. Just after they cleaned my AC unit, my attic flooded due to a broken condenser pipe, causing significant damage to the attic and ceiling. This flooding had never happened before their visit. When I contacted"
Dallas Air Duct Cleaning,1,7 months ago,,False,none,none,no communication issue,unknown,unknown,not_applicable,We are very disappointed with their service.  They didn’t open vents to clean and just cleaned with towel from outside. Don’t believe them.
Dallas Air Duct Cleaning,1,a year ago,,False,none,none,"No communication issue, focus on work quality and professionalism.",unknown,unknown,not_applicable,"Do not use this company for anything.  Absolutely the worst service experience I’ve ever had.  They claim to be able to do work that is out of their skill set.  They told me they could build a fireplace frame as well as install the new chimney, that was the worst given they didn’t know how to build "
Dallas Air Duct Cleaning,1,a year ago,,True,other_comm_problem,they wouldn't even give me a credit back because they actually never fixed it,The company failed to acknowledge and rectify the issue despite being informed of the problem.,established,bad_culture,review_management,"Will never use these people again.  They came to my house a few times and almost each time they came out they said something else was wrong and it would cost extra money so I went through that for a while and finally, I had another company come out and told them what this company.  Said was wrong an"
Dallas Air Duct Cleaning,1,2 years ago,,True,ignored,"""I asked them in text, but no response.""",The customer was ignored in their text inquiry.,unknown,unknown,review_management,"Their estimate is very fishy. For 15 minutes task, they first asked me over $600 by dividing the tasks into 3. Deep cleaning [300], unclogging [100] and changing a cap [200+]. I do not see the reason behind why they combined Deep cleaning and unclogging. If you get deep cleaning, why do you need unc"
Dallas Air Duct Cleaning,1,2 years ago,,True,no_callback,"""They never showed up or give me a call saying they need to reschedule""","The company failed to notify the customer of a reschedule, causing inconvenience.",small_team,overwhelmed,callback_automation,One of the worst unprofessional company I have ever dealt with. They have no respect for a person time. I had scheduled with them to have their tech to come by my home to give me a quote. The orginial time they said they will come was from 8am-10am. They never showed up or give me a call saying they
Dallas Air Duct Cleaning,1,Edited 2 years ago,,True,repeat_calls,"""several phone calls to the technician""",The customer had to make multiple phone calls to resolve the issue.,small_team,overwhelmed,callback_automation,"Truly a terrible experience.  Right after they left, the A/C stopped working.  The technician did not put the compressor back together (photos of screws left on the ground below).  This was remedied the next day after several phone calls to the technician.  I was not contacted by anyone else from th"
Dallas Air Duct Cleaning,1,3 years ago,,False,none,none,no communication issue,unknown,unknown,not_applicable,"Buyer Be Aware! asked for a quote on 3 residential electric dryers and was quoted $1400, reached out to 3 other vendors in the area and was quoted 475-550 between the 3 business.  Not sure the value is here that Fresh Air presents.  The vendor hired to do the job did all that was in the Fresh Air es"
SERVPRO of Downtown Dallas - Team Shaw,1,4 months ago,,False,none,none,no communication issue,established,unknown,not_applicable,"This company is awful!! We had two bathrooms flood and soak the carpet in the rooms next to them. We called Servpro team Shaw and they came out. They estimated 6,000$ to clean up the water. We thought this was pretty steep since we had started pumping the water out almost immediately with a shop vac"
SERVPRO of Downtown Dallas - Team Shaw,1,4 months ago,,False,none,none,no communication issue,established,unknown,not_applicable,"Really terrible. Maybe you get a different Servpro if you go through insurance vs. not, but we had a housefire and opted to use Servpro (a preferred provider through State Farm) for contents and mitigation. Huge mistake. I could go on and on about how bad our experience is but I'll summarize it here"
SERVPRO of Downtown Dallas - Team Shaw,1,7 months ago,,False,none,none,no communication issue,established,unknown,not_applicable,"If stuck working with this devious franchise, watch out for estimates vs reality. These people are not able to send a detailed invoice with the job that was actually performed instead of what was estimated. They will hold your personal items hostage until they get paid what they want instead of bill"
SERVPRO of Downtown Dallas - Team Shaw,1,Edited 10 months ago,,True,no_callback,never received a follow-up,Servpro failed to follow up after receiving a response from the customer.,established,overwhelmed,review_management,"I was contacted by Servpro through a cold email that was sent to my personal address instead of my business contact. I responded professionally, asking for more details about their Emergency Response Profile and how they obtained my email. I never received a follow-up.

If you’re reaching out to bus"
SERVPRO of Downtown Dallas - Team Shaw,1,10 months ago,,False,none,none,no communication issue,established,unknown,not_applicable,"They talk a good talk but if you use them, be sure to watch over your rebuild estimate (scope of work) because they will expect to get all the insurance money but they will cut every corner and not do things that they r getting paid to do!  They never sent in Itel on our (Expensive, high quality) ca"
SERVPRO of Downtown Dallas - Team Shaw,1,a year ago,,True,other_comm_problem,Little adequate communication,Inadequate communication led to unfulfilled promises and a poor experience.,established,overwhelmed,review_management,"It is sad to say that this review will not sound like most of the other reviews. My experience with ServPro Team Shaw has been one of ""Promises Made, Promises Not Fulfilled"". For a one room restoration project, it has taken a full 6 months, plus and has been, without a doubt, the worst experience I "
SERVPRO of Downtown Dallas - Team Shaw,1,2 years ago,,False,none,none,No communication issue.,unknown,unknown,not_applicable,"Pass on this company! We tried to use them for duct cleaning. They charged $250 to provide an estimate, and screw you on the pricing the job. I have 3,000 sf house and their estimate was $5k. Just fyi and best of luck finding a credible company."
SERVPRO of Downtown Dallas - Team Shaw,2,7 months ago,,True,other_comm_problem,"""hard to get responses to questions to our project manager""",Communication issues arose due to difficulty in getting responses from the project manager.,established,overwhelmed,review_management,"So much to say, so little space…we had water damage in August of 2024.  When Servpro/Team Shaw was called they came and handled the clean up and mold remediation—no problem. The problems came with the restoration process:

—From the beginning it was hard to get responses to questions to our project "
SERVPRO of Downtown Dallas - Team Shaw,2,Edited 8 months ago,,False,none,none,no communication issue,established,unknown,not_applicable,"FINAL EDIT: The contents manager and some of his crew came out yesterday and fixed one of the items that were rebuilt incorrectly. The manager also helped me break down and clear out the boxes that were left from the pack back. While not everything was remedied, there was really nothing for them to "
SERVPRO of Downtown Dallas - Team Shaw,2,a year ago,,False,none,none,no communication issue,established,unknown,not_applicable,"Good for mitigation. A nightmare for reconstruction. Delayed my project several times. Had to work with several different PMs and they even inadvertently ended up causing further water damage during the reconstruction and, of course, took no responsibility for it."
SERVPRO of Downtown Dallas - Team Shaw,5,2 years ago,,False,none,none,no communication issue,established,unknown,not_applicable,"Highly recommend! I called them to do a moisture check on our house for a previous roof leak. They were incredibly prompt and communicative every time I called. My administrator Briana was kind, organized and great with communication and the tech Jimmy went above and beyond in looking for moisture d"
SERVPRO of Downtown Dallas - Team Shaw,5,2 years ago,,False,none,none,no communication issue,established,unknown,not_applicable,"I had water damage from a few months ago and finally finished the flooring.

The team was very responsive. They explained the entire process and worked with insurance on estimate and followed up with the insurance at least twice a week.

When the insurance finally approved, the rest went smoothly. T"
SERVPRO of Downtown Dallas - Team Shaw,5,2 years ago,,False,none,none,no communication issue,established,unknown,not_applicable,"Dave, Kole and Kyle were wonderful to work with.  We had water damage from a broken water heater, affecting our family room, laundry room and garage.  These Servpro professionals made us feel very comfortable with their knowledge and explanation of what they would be doing.  Dave was very prompt in "
SERVPRO of Downtown Dallas - Team Shaw,5,a year ago,,False,none,none,no communication issue,established,unknown,not_applicable,"I have had Servpro services in the past, but nothing comes close to Team Shaw.  Our Servpro team headed up by Anthony Legnon was outstanding!  The team was always on time and very focused on the job at hand. The care they took to cover undamaged floors and things that could not be removed, as well a"
SERVPRO of Downtown Dallas - Team Shaw,5,2 years ago,,False,none,none,no communication issue,established,unknown,not_applicable,"Had Servpro out to fix water damage from a dishwasher. The whole process was extremely easy, they responded quickly and worked directly with my insurance company to get it taken care of. I worked with Andrew and Griffin from their team and they were great, went above and beyond. Would definitely use"
SERVPRO of Downtown Dallas - Team Shaw,5,Edited 2 years ago,,False,none,none,no communication issue,established,unknown,not_applicable,"Step 2 with ServPro for our plumbing leak repair.   Luis Sarria, a Construction Estimator, came out to measure the hardwood floors, tile floors, walls and ceiling to be painted to provide an estimate to our insurance company on the cost of repair.  Luis was very professional, experienced, on time an"
SERVPRO of Downtown Dallas - Team Shaw,5,a year ago,,False,none,none,no communication issue,established,unknown,not_applicable,"Dave and Dom visited my home to inspect the potential damage.
They were thorough to check and explain details. They were honest to tell there is no damage and did not recommend any unnecessary services.

I highly recommend ServPro and Dave/Don’s expertise."
SERVPRO of Downtown Dallas - Team Shaw,5,a year ago,,False,none,none,no communication issue,established,unknown,not_applicable,I would highly recommend using Servpro.  Both Zach and Kole were the most amazing!  They were so helpful and walked me through everything.  They did an excellent job during the whole process. I was so grateful for the texts and updates on what they were doing since I had to be at the office.  They w
SERVPRO of Downtown Dallas - Team Shaw,5,a year ago,,False,none,none,no communication issue,established,unknown,not_applicable,"Lonnie and Herbert at the Tyler team for Servpro are just the best. Unfortunately, I’ve had to use Servpro for significant flooding several times. But they always provide outstanding customer service. Jarrod leads a great team.
Last week, Lonnie and Herbert came out and were no exception. They quick"
SERVPRO of Downtown Dallas - Team Shaw,5,2 years ago,,False,none,none,no communication issue,unknown,unknown,not_applicable,"We are so thankful for the job this company did for us . I did not think they would ever be able to dry up all that water, but they did it in good time. Andrew worked hard and was very efficient and timely. Thank you for a great job done."
SERVPRO of Downtown Dallas - Team Shaw,5,3 years ago,,False,none,none,no communication issue,established,unknown,not_applicable,We had a pipe burst in the ceiling of our home. Servpro came out right away and helped us get the water out of our house. They helped clear out things for trash as well as move our furniture out of the house. They worked well with my insurance and had great communication.
SERVPRO of Downtown Dallas - Team Shaw,5,3 years ago,,False,none,none,no communication issue,established,unknown,not_applicable,"After coming home to a slab leak, my insurance company dispatched ServPro. I have been working with Trey, Delvin & Bri and they have been a much needed source of relief during this uncomfortable experience. All three (Trey, Delvin & Bri) have answered all of my questions and made this otherwise horr"
SERVPRO of Downtown Dallas - Team Shaw,5,2 years ago,,False,none,none,no communication issue,established,unknown,not_applicable,"I made the call at 4am
Very quick prompt response, some was out immediately and probably save a lot of my home decor and valuables.
Andrew and Cole of Servpro were incredible!! Efficient, very knowledgeable worked clean and responsible, I highly recommend Servpro
5 stars ⭐️"
SERVPRO of Downtown Dallas - Team Shaw,5,2 years ago,,False,none,none,no communication issue,established,unknown,not_applicable,"Although through unfortunate circumstances we had to call ServPro, we had a great experience with them. Griffin was very professional and responsive when we needed answers. He showed up on the holiday and even kept us updated on his days off. We are so glad we chose ServPro."
SERVPRO of Downtown Dallas - Team Shaw,5,3 years ago,,False,none,none,no communication issue,unknown,unknown,not_applicable,Chris and Devin came out and inspected the water damages to my home. We’re very professional and gave me a quote. If I need restoration services in the future I will definitely give them a call.
SERVPRO of Downtown Dallas - Team Shaw,5,3 years ago,,False,none,none,no communication issue,unknown,unknown,not_applicable,"Dakota and his crew did great, they were very responsive and check on our unit multiple times during the drying of our walls after a pipe burst in an apartment above ours."
SERVPRO of Downtown Dallas - Team Shaw,5,3 years ago,,False,none,none,no communication issue,established,unknown,not_applicable,Sean gave exceptional service walking me through my flood damage process. He answered all my questions and was available for any additional questions through out the process. I highly recommend Servpro to anyone who experiences this stressful situation.
SERVPRO of Downtown Dallas - Team Shaw,5,2 years ago,,False,none,none,no communication issue,established,unknown,not_applicable,"I was really impressed with Servpro. Very professional and informative. I worked with Briana, Jean and Carlos and they were all great. They answered all my questions and provided a top notch cleaning. Would definitely recommend."
SERVPRO of Downtown Dallas - Team Shaw,5,3 years ago,,False,none,none,no communication issue,unknown,unknown,not_applicable,"Chris and Devin were amazing! They were great at communicating what they saw, what they were doing and with letting us know how progress was going. I would use them again and recommend them without hesitation"
SERVPRO of Downtown Dallas - Team Shaw,5,3 years ago,,False,none,none,no communication issue,unknown,unknown,not_applicable,"Chris was on time, respectful and gave me his honest opinion on the cost and necessary repair for our water damage. I really appreciated his service and would definitely recommend!"
SERVPRO of Downtown Dallas - Team Shaw,5,3 years ago,,False,none,none,no communication issue,unknown,unknown,not_applicable,We suffered water damage from the cold weather in December of 2022.  Servpro came and did a fantastic job of removing all of the damages.  I would highly recommend them again.
SERVPRO of Downtown Dallas - Team Shaw,5,2 years ago,,False,none,none,no communication issue,unknown,unknown,not_applicable,Trey and Eddie were absolutely amazing! Here super quick and helped.get the smell out! We will call them every time!
SERVPRO of Downtown Dallas - Team Shaw,5,3 years ago,,False,none,none,no communication issue,unknown,unknown,not_applicable,Dakota and his crew were so fast quick and helped us when we were in need. They were so professional and kept well communication through the whole process.
SERVPRO of Downtown Dallas - Team Shaw,5,3 years ago,,False,none,none,no communication issue,unknown,unknown,not_applicable,"Great professionalism and attention to detail. Zach Beres was on it. Here every day, explained everything. He was very careful in house with equipment."
SERVPRO of Downtown Dallas - Team Shaw,5,2 years ago,,False,none,none,no communication issue,unknown,unknown,not_applicable,Henry and Joe were amazing. They helped and over communicated every step of the way.  Would highly recommend them!
SERVPRO of Downtown Dallas - Team Shaw,5,7 months ago,,False,none,none,no communication issue,unknown,unknown,not_applicable,The staff went above and beyond. Everything was quick and easy.
SERVPRO of Downtown Dallas - Team Shaw,5,2 years ago,,False,none,none,no communication issue,unknown,unknown,not_applicable,Awesome company. Josue has been amazing with communication and general help regarding questions. Really appreciate everything!
SERVPRO of Downtown Dallas - Team Shaw,5,Edited 3 years ago,,False,none,none,no communication issue,established,unknown,not_applicable,"Awesome service from Jessica, Henry,  and Ryan 😎 really and truly a great experience working with this team to get our property back on track. A- Team right here 👆"
SERVPRO of Downtown Dallas - Team Shaw,5,2 years ago,,False,none,none,no communication issue,unknown,unknown,not_applicable,"The Technician was very professional. In addition, he was eager to answer all our questions. Highly recommend."
SERVPRO of Downtown Dallas - Team Shaw,5,3 years ago,,False,none,none,no communication issue,unknown,unknown,not_applicable,Excellent service especially hardworking Chris and Devin. Awesome hard worker resourceful workers. Answered all questions.
SERVPRO of Downtown Dallas - Team Shaw,5,a year ago,,False,none,none,no communication issue,unknown,unknown,not_applicable,Pete and Sean are the best! So timely and sweet and helpful and smart and THE BEST!
SERVPRO of Downtown Dallas - Team Shaw,5,2 years ago,,False,none,none,no communication issue,unknown,unknown,not_applicable,"Excellent, honest service.  Chris and Kole were very friendly and helpful."
SERVPRO of Downtown Dallas - Team Shaw,5,2 years ago,,False,none,none,no communication issue,unknown,unknown,not_applicable,Josue is the best!
"Air Force One Plumbing Heating & Air, now part of A-Star Air Conditioning & Plumbng",1,a year ago,,True,other_comm_problem,"""Later was that night and this guy says, “I’m not trying to cheat you”""",The customer was given conflicting advice by two different technicians over the phone.,small_team,overwhelmed,review_management,"Horrible horrible service! Avoid at all costs. My ac went out I called them paid the road fee. When the tech came out he said and I quite “I’m not trying to cheat you”, which he was absolutely never accused of in the first place. He continued to say that I needed to change out parts that would run m"
"Air Force One Plumbing Heating & Air, now part of A-Star Air Conditioning & Plumbng",1,10 years ago,,True,other_comm_problem,they wanted $89 to show up and another $150-$450 to do the leak check,The customer was quoted high fees for a service call and leak check.,established,unknown,review_management,"I Had a complete Rheem air conditioning system installed in late November 2014 by Air Force One.  In mid February of this year, when the weather heated up for a few days, we had no air conditioning.  I had it checked and it was 4lbs low on refrigerant.  Once recharged, it began cooling again.  I jus"
"Air Force One Plumbing Heating & Air, now part of A-Star Air Conditioning & Plumbng",1,3 years ago,,True,other_comm_problem,"""the receptionist was very rude""","The receptionist was rude, leading to distrust in the company.",established,bad_culture,review_management,Scam! My parents contacted this company to fix their air conditioner that went out during the winter storms in Texas. The receptionist was very rude. When my father reported her they sent a technician out anyway from this same company because there wasn’t any other company available through their ho
"Air Force One Plumbing Heating & Air, now part of A-Star Air Conditioning & Plumbng",1,6 years ago,,True,repeat_calls,"""I did so.  By the time they got to my house, it was working again.""",The customer had to call multiple times before the issue was addressed.,established,overwhelmed,callback_automation,"We have used AF 1 for over 9 years, they installed my A/C Heat unit and serviced it these last years.  I recently had a problem with my furnace in the fact that the blower would run, but the furnace would only come on ever once in awhile.  They diagnosed a dirty filter the first time,  about 3 month"
"Air Force One Plumbing Heating & Air, now part of A-Star Air Conditioning & Plumbng",1,a year ago,,False,none,none,no communication issue,unknown,unknown,not_applicable,They bought an amazing parts store where a homeowner could go in and buy any part imaginable and not they're a service company that won't sell parts. Heartbreaking. All the old reviews are worthless.
"Air Force One Plumbing Heating & Air, now part of A-Star Air Conditioning & Plumbng",1,3 years ago,,True,other_comm_problem,after rescheduling an appt two times,The company failed to follow through on a scheduled appointment.,established,overwhelmed,review_management,Charged us $500 for a $100 base model thermostat. Still not working correctly and after years of serving our business have now told us we need to find a commercial repair company after rescheduling an appt two times. Sadly cannot recommend them.
"Air Force One Plumbing Heating & Air, now part of A-Star Air Conditioning & Plumbng",1,4 years ago,,True,no_callback,We never got,The customer never received an estimate after being told it would be provided.,established,unknown,review_management,"Dont use this company in a commercial setting, (unless you have some money to burn.)  We had used this company for years in a commercial building.  They recently changed hands to a new owner.  They didnt come out to do our regularly scheduled quarterly maintenance.   Then we moved to a new commercia"
"Air Force One Plumbing Heating & Air, now part of A-Star Air Conditioning & Plumbng",1,Edited 8 years ago,,True,other_comm_problem,they never rescheduled with me to complete issue discovery,The company failed to follow up and reschedule to complete the issue discovery.,small_team,overwhelmed,review_management,I thought they did a good job at first....then they never rescheduled with me to complete issue discovery so I had another company come out...they confirmed some ducting was never fixed like agreed upon and also said the ducting they aluminum taped was a poor job. I’ve attached a picture of the duct
"Air Force One Plumbing Heating & Air, now part of A-Star Air Conditioning & Plumbng",1,Edited 12 years ago,,True,repeat_calls,"""BACK AND FORTH TO MY PARENT'S HOME ABOUT TWO DOZEN OR SO TIMES""",The customer's parents had to deal with repeated visits from the company.,solo_operator,overwhelmed,not_applicable,STAY AWAY FROM LYING CHESTER AT AIR FORCE ONE AIR CONDITIONING AND HEATING. MY PARENTS PURCHASED A RUDD OUT SIDE CONDENSING HEAT PUMP FROM THIS LYING MAN FOUR AND A HALF YEARS AGO. THIS COMPANY IN THAT TIME WAS BACK AND FORTH TO MY PARENT'S HOME ABOUT TWO DOZEN OR SO TIMES. I FINALLY STOPPED MY PARE
"Air Force One Plumbing Heating & Air, now part of A-Star Air Conditioning & Plumbng",1,Edited 7 years ago,,True,ignored,I was not able to talk to a manger they kept passing me around.,The customer was unable to speak with a manager due to being passed around.,small_team,overwhelmed,review_management,Very poor customer service.  They damaged my system and failed to come back and take care of their mistake.  I was not able to talk to a manger they kept passing me around.
"Air Force One Plumbing Heating & Air, now part of A-Star Air Conditioning & Plumbng",1,12 years ago,,True,ignored,the Spanish guy dont help me at all,The customer felt ignored by the Spanish representative.,solo_operator,overwhelmed,not_applicable,"They dont healp me at all... I waste my time with them, the Spanish guy dont help me at all, he just want to go home for the day"
"Air Force One Plumbing Heating & Air, now part of A-Star Air Conditioning & Plumbng",1,6 years ago,,False,none,none,No communication issue.,unknown,unknown,not_applicable,"Terrible Service, Not Recommended.After years of service and Prompt Payment they decided for no reason to dump me."
"Air Force One Plumbing Heating & Air, now part of A-Star Air Conditioning & Plumbng",1,9 years ago,,False,none,none,no communication issue,unknown,unknown,not_applicable,They don't do commercial property
"Air Force One Plumbing Heating & Air, now part of A-Star Air Conditioning & Plumbng",2,3 years ago,,False,none,none,no communication issue,established,unknown,not_applicable,"This is a mixed review. On the one hand, ownership of Air Force One was responsive when one of their techs mishandled the AC system in my attic causing a ceiling to flood. I hired Air Force One to perform a deep cleaning and coolant check of my HVAC system in Fall 2021. The tech pointed out there wa"
"Air Force One Plumbing Heating & Air, now part of A-Star Air Conditioning & Plumbng",2,7 years ago,,False,none,none,no communication issue,unknown,unknown,not_applicable,Their prices are outrageous
"Air Force One Plumbing Heating & Air, now part of A-Star Air Conditioning & Plumbng",4,Edited 4 years ago,,False,none,none,no communication issue,established,unknown,not_applicable,We requested a quote for replacing our toilets with comfort height and to replace the cut off valves for the toilet and all sinks.  We received our quote the same day after the Javier came to review what was involved.  He was on time and very knowledgeable and friendly.  We will be accepting the bid
"Air Force One Plumbing Heating & Air, now part of A-Star Air Conditioning & Plumbng",4,Edited 9 years ago,,False,none,none,no communication issue,established,unknown,not_applicable,"I bought a Rheem system from them  at their recommendation in 2009.  My experience with them had always been pretty good.  Although it was a bit of a struggle to get a diagnosis during the busy summer season, in the end they stepped forward and are replacing my defective evap coil (Rheem warranty re"
"Air Force One Plumbing Heating & Air, now part of A-Star Air Conditioning & Plumbng",4,4 years ago,,True,other_comm_problem,have not seen them yet,The customer did not receive the maintenance reports on time.,unknown,unknown,review_management,"Sam did a good job & cleaned up after himeself. I usually see the reports on the maintenance the same day, but have not seen them yet.  He did not bring all of the required filters, but said he would drop them off later this week."
"Air Force One Plumbing Heating & Air, now part of A-Star Air Conditioning & Plumbng",4,4 years ago,,False,none,none,no communication issue,unknown,unknown,not_applicable,Same day service and a fair price. Only problem was some scheduling issues. I couldn't set up an appointment online but their phone service was great.
"Air Force One Plumbing Heating & Air, now part of A-Star Air Conditioning & Plumbng",4,Edited 4 years ago,,False,none,none,no communication issue,established,unknown,not_applicable,Diagnosed the problem but were unable to fix due to proprietary issues with Carrier. Sam was professional and straight forward. We will continue to call them in the future.
"Air Force One Plumbing Heating & Air, now part of A-Star Air Conditioning & Plumbng",4,6 years ago,,False,none,none,no communication issue,unknown,unknown,not_applicable,"I am pleased with.the service conducted by your technician. He is a professional.
Thank you
Sharron Robinson"
"Air Force One Plumbing Heating & Air, now part of A-Star Air Conditioning & Plumbng",4,6 years ago,,False,none,none,no communication issue,unknown,unknown,not_applicable,Technician was efficient and knowledgable.  Price was a bit high though so minus one star.
"Air Force One Plumbing Heating & Air, now part of A-Star Air Conditioning & Plumbng",4,5 years ago,,False,none,none,no communication issue,established,unknown,not_applicable,"Got in touch with management who resolved my complaints to my satisfaction. Thanks, AF1!"
"Air Force One Plumbing Heating & Air, now part of A-Star Air Conditioning & Plumbng",4,6 years ago,,False,none,none,no communication issue,unknown,unknown,not_applicable,Excellent
"Air Force One Plumbing Heating & Air, now part of A-Star Air Conditioning & Plumbng",5,9 years ago,,False,none,none,no communication issue,established,unknown,not_applicable,"Rick at Air Force One was Great! He was on time, professional. and knowledgeable. I felt like he did only what was necessary and he made me comfortable with his explanations and suggestions of options for the future ( I have relatively old units). This was welcome as I have recently left a ""home war"
"Air Force One Plumbing Heating & Air, now part of A-Star Air Conditioning & Plumbng",5,5 years ago,,False,none,none,no communication issue,established,unknown,not_applicable,"Juan is an exceptionally knowledgeable, through, and outgoing tech. He arrived on time and was wearing a mask and stood several feet away from me. I liked that a lot. He took his time checking everything out, looking at an issue with the heat I thought was broken (door on heater ajar-easy fix) and d"
"Air Force One Plumbing Heating & Air, now part of A-Star Air Conditioning & Plumbng",5,5 years ago,,False,none,none,no communication issue,established,unknown,not_applicable,I could not be more thrilled with my experience with Airforce One. They have been serving my HVAC for over 10 years. This August I had to have AC replaced as it was a very old unit. They replaced it 2 days after it died and the process was simple and seamless. They left no trace of their presence in
"Air Force One Plumbing Heating & Air, now part of A-Star Air Conditioning & Plumbng",5,Edited 5 years ago,,False,none,none,no communication issue,established,unknown,not_applicable,"Have only used them once, but was very pleased. Kevin came quickly and was very courteous and thorough. Great speedy service at a really great price = very happy customer.

Update: have been using Air Force One for years now and continue to be a very happy customer."
"Air Force One Plumbing Heating & Air, now part of A-Star Air Conditioning & Plumbng",5,Edited 5 years ago,,False,none,none,no communication issue,established,unknown,not_applicable,"We have been President Club members of Air Force 1 for years now, and I recommend them highly. Twice annual check-ups keep us running smoothly with no surprises. The techs are always prompt, professional and highly knowledgeable.  Love this service."
"Air Force One Plumbing Heating & Air, now part of A-Star Air Conditioning & Plumbng",5,6 years ago,,False,none,none,no communication issue,established,unknown,not_applicable,"Why did I not find out about this place sooner?
Our water heater finally broke down and we ended up having to replace it. After calling around,  I decided to give Air Force One Plumbing  a try and was completed surprised by how amazing of a job they did.  Our plumber was professional and completed t"
"Air Force One Plumbing Heating & Air, now part of A-Star Air Conditioning & Plumbng",5,4 years ago,,False,none,none,no communication issue,established,unknown,not_applicable,"Javier was amazing! We had a new hot water heater replaced and hydro jetting of our outside drains. The water heater installation was standard, but our outside drains have been a problem for years. He really took the time to try and clear them out as much as possible, even though we think there was "
"Air Force One Plumbing Heating & Air, now part of A-Star Air Conditioning & Plumbng",5,7 years ago,,False,none,none,no communication issue,established,unknown,not_applicable,We have been using Air Force One for several years.  The service techs are always polite friendly and professional.  They make sure not to make a mess and if they do they clean it up before they leave.  I have never had a repair or service that I did not need and did not feel pressured or upsold.  W
"Air Force One Plumbing Heating & Air, now part of A-Star Air Conditioning & Plumbng",5,9 years ago,,False,none,none,no communication issue,established,unknown,not_applicable,I had my furnace go out last week and called company X. They sent out a technician who misdiagnosed the problem and I was told I would have to spend $500-1000 to replace a hard to find control board on an older unit which might not last and then they proceeded to quote me for a new system. It was no
"Air Force One Plumbing Heating & Air, now part of A-Star Air Conditioning & Plumbng",5,5 years ago,,True,repeat_calls,"""I called, and they squeezed me in that afternoon""",The customer had to call multiple times to get a technician out.,established,overwhelmed,callback_automation,"Have a 3 1/2 year old system which is under warranty, which decided to stop cooling the Friday before Memorial day weekend.  I bit the bullet and called them out Friday night, and paid the after hours fee.  I was told that a TXV, which I guess acts like a filter for the Freon needed replacing, which"
"Air Force One Plumbing Heating & Air, now part of A-Star Air Conditioning & Plumbng",5,6 years ago,,False,none,none,no communication issue,established,unknown,not_applicable,"Very impressed and extremely happy with the work performed on our furnace as well as every person I've communicated with and our technician! Everyone was personable, knowledgeable and professional. First time to have them come to our house and will continue to contact them on all issues the company "
"Air Force One Plumbing Heating & Air, now part of A-Star Air Conditioning & Plumbng",5,9 years ago,,False,none,none,no communication issue,established,unknown,not_applicable,Great service from Air Force 1. I've been using these guys for a few years now and all of their technicians are top notch. Dale just recently did my winter inspection and helped immensely with a furnace problem I was having. Great folks! I will continue using them in the future.
"Air Force One Plumbing Heating & Air, now part of A-Star Air Conditioning & Plumbng",5,Edited 5 years ago,,False,none,none,no communication issue,established,unknown,not_applicable,"Josue and the entire Air Force One team did a great job. They are very honest, trustworthy, reliable, and very helpful with their work. I would truly recommend the technician and Air Force One company. Their prices are great and an honorable company."
"Air Force One Plumbing Heating & Air, now part of A-Star Air Conditioning & Plumbng",5,8 years ago,,False,none,none,no communication issue,established,unknown,not_applicable,"Very happy with the service I received. These guys thoroughly tested the unit they identified the problem, fixed the issues and then stuck around to make sure everything was in working order. Was leary after a bad experience with another company but pleasently surprised by these guys. They were also"
"Air Force One Plumbing Heating & Air, now part of A-Star Air Conditioning & Plumbng",5,8 years ago,,False,none,none,no communication issue,established,unknown,not_applicable,"I appreciate their work and timeliness; they came out a total of three visits.  Dale did a good job of explaining what needed to happen and what he planned to do. Ended up costing more than $500 (blown capacitor, cleaning, Freon, etc), but the prices were competitive according to my HVAC buddy.  The"
"Air Force One Plumbing Heating & Air, now part of A-Star Air Conditioning & Plumbng",5,10 years ago,,False,none,none,no communication issue,established,unknown,not_applicable,"Rick was the technician who serviced my unit today, and he was great!  Alerted me to a possible problem with insulation blocking the air flow of the soffits and explained in detail how to change the filters myself so that I could do it monthly.
I'm very happy with the service I get with Air Force On"
billyGO Air Conditioning & Plumbing,1,3 months ago,,False,none,none,No communication issue.,unknown,unknown,not_applicable,"Came for a leak check. Didn’t do a thing, gave me an overpriced quote and took the emergency service fee. Literally took 10 mins to complete the process. I personally spent more time finding the leak  then he did"
billyGO Air Conditioning & Plumbing,1,2 years ago,,False,none,none,no communication issue,unknown,unknown,not_applicable,Very poor service but they did fix the leaks but they didn’t fill the dirt all the way back and they left a brand new hose and trash for me to clean up. Thank you for the water hose I can use it. Also they try to take the dirt with them but come on my guy atleast put it back like if it was your hous
billyGO Air Conditioning & Plumbing,1,7 months ago,,True,other_comm_problem,They didn’t have it.,The technicians didn't have the quoted amount in the Job Order.,small_team,unknown,review_management,"Based on ChatGPT I selected BillyGO company to fix my A/C. Next day, Jordan Wiggins arrived on time, diagnosed the problem and asked me to sign a Job Order to be sent to my email address. He was impressive and professional. However, this is where the positive ends. The next day two technicians arriv"
billyGO Air Conditioning & Plumbing,1,8 months ago,,False,none,none,no communication issue,established,unknown,not_applicable,"It's with both sadness and frustration that I leave this review. My partner and I were convinced two years ago by a BillyGo agent to buy a new HVAC system. We decided to go for some upgrades as well, including smart thermostats and redoing some duct work. Since then, there have been multiple issues "
billyGO Air Conditioning & Plumbing,1,9 months ago,,False,none,none,no communication issue,established,unknown,not_applicable,"My foundation company paid for Billygo to inspect my house plumbing after foundation repair. Their technician could not find the 2nd cleanout so he told me to pay couple thousands to install one. I called a 2nd company for different opinion, and funny enough, they found the 2nd cleanout. My foundati"
billyGO Air Conditioning & Plumbing,1,Edited a year ago,,True,other_comm_problem,"When I called this business, the service manager only wanted to discuss about the blame.",The service manager was defensive and uncooperative when the customer called.,established,bad_culture,review_management,Outrageous prices. My elderly parents were referred to BillyGO by me ( sadly ) hoping to save them some money. My father told me he was charged for over $7500 for a SINGLE electric hot water heater. Yes there were other item equipment installed. But my God the outrageous prices. If you have elderly 
billyGO Air Conditioning & Plumbing,1,a year ago,,False,none,none,no communication issue,unknown,unknown,not_applicable,"This was a terrible experience after I gave them money for a worthless maintenance contract. Then when I did have an issue they charged me to diagnose it and quote almost $3000 for the fix. I laughed because the tech even told me the AC was working fine so had I used his recommendation, the heat wou"
billyGO Air Conditioning & Plumbing,1,a year ago,,False,none,none,no communication issue,established,unknown,not_applicable,We called because we had a clogged drain somewhere causing backup. After clearing the drain an inspection was done with the cameras and found a pipe under the house that was broken due to roots. It was of course VERY expensive to fix since they had to tunnel under my slab house. They came the next d
billyGO Air Conditioning & Plumbing,1,3 years ago,,False,none,none,no communication issue,established,unknown,not_applicable,"I called due to a leaking outside faucet.  The lady on the phone was very nice and positive.  The young man (repairman) who came was very nice and squeaky clean in his dress.  He was very polite and explained to me how he would replace the faucet, BUT first he would go to the truck to prepare the qu"
billyGO Air Conditioning & Plumbing,1,7 months ago,,False,none,none,no communication issue,unknown,unknown,not_applicable,"The BillyGo plumber came to check out the whole-house water filtration system and quoted me $20,000. That’s insane!"
billyGO Air Conditioning & Plumbing,1,Edited a year ago,,True,other_comm_problem,First guy sent out refused give breakdown for part/labor,The technician refused to provide a breakdown of parts and labor costs.,solo_operator,bad_culture,review_management,Sadly I now realize how I was soo overcharged for labor for installing damper motor for hvac. It’s appx  $95 part Honeywell part..total bill was $580. First guy sent out refused give breakdown for part/labor. Jordan quoted me $580 for 1 damper…still no part #. My recent home inspection guy wanted th
billyGO Air Conditioning & Plumbing,1,a year ago,,False,none,none,no communication issue,established,unknown,not_applicable,We are totally disgusted with BillyGo HVAC and Plumbing. Their prices are through the roof. Said our freon was low a pound or so and would assess whether to do a leak test or not. Then he puts his gauges on it and then writes up an estimate for 1315 WITH discount. That includes 800+ to add stop leak
billyGO Air Conditioning & Plumbing,1,a year ago,,True,other_comm_problem,"""Troy, refused to write me a report""","The customer was refused a report by the technician, leading to a communication breakdown.",solo_operator,bad_culture,not_applicable,"The call request was to get a free inspection report for the unit with a repair. Troy, refused to write me a report , although I accepted to do do the repair. The technician was extremely pushy and was pressuring me to buy a membership. He initially gave me a price, but when it was time to pay, he a"
billyGO Air Conditioning & Plumbing,1,Edited a year ago,,False,none,none,no communication issue,established,unknown,not_applicable,"A technician came to diagnose the air conditioner unit in my townhouse, and he found leaked, $279, on the evaporator coil. He charged me about $2,500 for the labor minus $279 that I already paid down to $2,221. This was the total shock to me to pay for the labor. So I called around and found another"
billyGO Air Conditioning & Plumbing,1,2 years ago,,True,no_callback,"""I am wondering it is not a rocket science and what kind of research they are doing?""",The company failed to follow up with the customer after promising to do so.,established,unknown,review_management,billyGo Plumbing Heating is a worst company i had ever dealt with.  for a simple plumbing job that is replacing a broken Toilet water tank.  we had to wait for almost 1/1/2 day for the plumber to arrive.  the plumber from billyGO looked at the broken water tank and took some pictures and then disapp
billyGO Air Conditioning & Plumbing,1,a year ago,,False,none,none,no communication issue,established,unknown,not_applicable,"The technician that came out from Billy Go, tried to sell me on a brand AC new unit costing 11k. Thankfully, I had insurance and suffered through the additional three days it took for them to come out. They said he had turned my unit off at the box, when all it needed was to be cleaned out. He had i"
billyGO Air Conditioning & Plumbing,1,2 years ago,,True,other_comm_problem,which they could not provide even after giving specific details,The company failed to provide an estimate over the phone despite providing specific details.,small_team,overwhelmed,not_applicable,"I had a terrible experience with this company, the only reason I am giving them a 1 star is that the technician came out on time.

I had a clogged toilet in my master bathroom and after running an auger thru it I noticed roots. I used a measuring tape to check how deep the roots were and it turned o"
billyGO Air Conditioning & Plumbing,1,6 years ago,,False,none,none,no communication issue,unknown,unknown,not_applicable,well today In was at my wife's parents and their (badge 5) disposal broke. I looked online for a decent plumber and Billy Go came up. I downloaded the app and made an appointment. He was 30 mins late so they took $1 a minute off plus $59 for using and downloading the app. So as I waited for the Quot
billyGO Air Conditioning & Plumbing,1,8 months ago,,True,other_comm_problem,does not honor warranties trust me call anyone but these people,"The company failed to honor warranties, leading to distrust.",established,unknown,review_management,This company charges to much for some off brand hvac unit then does not honor warranties trust me call anyone but these people..
billyGO Air Conditioning & Plumbing,1,2 years ago,,False,none,none,"No communication issue, customer had a problem with the technician's attitude and sales tactics.",established,bad_culture,not_applicable,Technician who came by to give me a quote was arrogant and rude.  His initial thought on the estimate was close to 3k more than another estimate I received so I told him thanks but was too high for me.  He then started to question me on what the other company would do and telling me good luck with a
billyGO Air Conditioning & Plumbing,1,a year ago,,False,none,none,no communication issue,unknown,unknown,not_applicable,"Had Billy go come out to clear a sewer line blockage.   Charged $980 and didn't fix blockage.   Said I needed to replace all sewer lines for $27,000.   Drain Doctor came out next day and cleared blockage in 30min for $200."
billyGO Air Conditioning & Plumbing,1,2 years ago,,True,other_comm_problem,"""the tech told me which one to order from Amazon""","The company's installer installed a wrong product, and the customer was not reimbursed.",small_team,unknown,not_applicable,"Terrible place.
They’ve come to my house numerous times, first for a thermostat issue. They tried to charge me TRIPLE, but the tech told me which one to order from Amazon. Turns out that was the wrong one, I return it and they don’t give me my money back because this company’s installer installed it"
billyGO Air Conditioning & Plumbing,1,3 years ago,,False,none,none,no communication issue,established,unknown,not_applicable,"Paid handsomely for emergency leak repair on Saturday.   The leak was not properly diagnosed or repaired, so we requested another visit on Monday.   When the plumber showed up, he said something else was wrong that he did not detect on Saturday and charged another substantial fee to finally stop the"
billyGO Air Conditioning & Plumbing,1,a year ago,,False,none,none,no communication issue,established,unknown,not_applicable,"Came to clean out drain, broke snake off in pipe under house then quoted 24,000 to reroute sewer line. Technicians may get percentage of income they generate. President's proposal to solve problem was to jack hammer my living room foundation to get to pipe. Stay away from this company. Since learned"
billyGO Air Conditioning & Plumbing,1,Edited 2 years ago,,True,other_comm_problem,"""Very recently their customer service is not great at all""",The customer experienced poor customer service recently.,established,unknown,review_management,"Hi all, this is my second review after 3 years on BillyGo. I have been a customer with them since 2019. I have used them for drain cleaning and HVAC replacement & maintenance at two of my properties. Very recently their customer service is not great at all and every time the tech comes in for standa"
billyGO Air Conditioning & Plumbing,1,4 years ago,,False,none,none,no communication issue,unknown,unknown,not_applicable,"Last Friday, I got a clogged drain, they told me my situation is very complicate and gave me a quote of almost $600 to fix my problem.  After the work,  they told me I have a bigger problem so they can't give me warranty,  and gave me a quote for 20K to solve the problem. Just one hour after they le"
billyGO Air Conditioning & Plumbing,1,5 years ago,,True,other_comm_problem,"""give me an estimate over the phone because he was an hour away""",The technician failed to provide an in-person estimate as promised.,small_team,overwhelmed,review_management,Well I had an appointment today. Received a text that the technician was on his way. I get a call from a technician stating he wanted to give me an estimate over the phone because he was an hour away and didn't want to waist time driving an hour.  Remind you that I received a free estimate. Without 
billyGO Air Conditioning & Plumbing,1,3 years ago,,True,other_comm_problem,He is the guy who I never want to meet again.,The customer had a negative experience with a technician's attitude and work quality.,small_team,bad_culture,review_management,"I've been using BillyGo for a long time, but this is the first time I've seen such an unfriendly technician. He is the guy who I never want to meet again. And also, he worked only 10 minutes for simple electricity problem and charged me $280 something."
billyGO Air Conditioning & Plumbing,1,2 years ago,,False,none,none,no communication issue,unknown,unknown,not_applicable,I called this company for two of  my toilet were not flushing.  They came and changed the Toilet Fill Valve with Tank and Bowl Water Control . My husband had to change that in the past for less than $20.They charged me $660 .This too much charge.
billyGO Air Conditioning & Plumbing,1,4 years ago,,True,other_comm_problem,"""tons of problems""","The customer experienced numerous issues with the service, not just communication.",small_team,overwhelmed,not_applicable,"If it takes five different plumbers to fix a sink, I would change your business model. BillyGo consists of a whole lot of inexperienced plumbers making quick fixes with terrible final products. Don’t waste your money on a membership. Just go with another company as a whole and save yourself tons of "
billyGO Air Conditioning & Plumbing,1,2 years ago,,True,other_comm_problem,Left me high and dry.,The plumber's office failed to communicate their weekend service policy.,small_team,bad_culture,review_management,Scheduled water jet service with dispatcher the day before Easter (a Saturday). Plumber arrived and informed us that they do not water jet on weekends. Then quoted me $800 to camera/snake an already pulled toilet. Left me high and dry. Would give 0 stars if I could.
billyGO Air Conditioning & Plumbing,1,2 years ago,,False,none,none,No communication issue mentioned in the review.,unknown,unknown,not_applicable,Very poor company. Inexperience technician. Not know what they are doing. Cost me double money to correct the issue from other company. The blower the installed was after market and they charged me for original Lennox blower. If you have choice don't consider them at all. You will end up paying more
billyGO Air Conditioning & Plumbing,1,3 years ago,,False,none,none,No communication issue.,established,unknown,not_applicable,"DO NOT USE THEM, they are complete rip off. I called for new water heater, got a quote of $6000. Manager tells me he can't even get water hear for $2700 where I can just walk to lowes or home depot and get for $1400 and higher year warranty. I called few other companies and they all have quoted me b"
billyGO Air Conditioning & Plumbing,1,3 years ago,,False,none,none,"No communication issue, customer had a problem with the service provided.",unknown,unknown,not_applicable,"This company advertises a $0 diagnostic fee, however, they charge you a $120 travel fee! Tech did a diagnostic of my HVAC system and quoted me around 750 DOLLARS to replace 2 capacitors. Mind you that capacitors cost around $15 each and are around a 10 minute job to change out. Went to the HVAC stor"
billyGO Air Conditioning & Plumbing,1,2 years ago,,False,none,none,no communication issue,unknown,unknown,not_applicable,They are driving their truck around on very bald tire that’s about to blow.  If they can’t spend the money to maintain their trucks then I’m not going to trust them with my projects.
billyGO Air Conditioning & Plumbing,1,4 years ago,,False,none,none,no communication issue,established,unknown,not_applicable,They sent someone out on an emergency service call for my mother's ac unit because it stopped blowing cold air. The repair man was out there for maybe 10 minutes and said it would cost $7000 to replace the whole inside and outside unit (even though he never checked the inside unit) he said the freon
billyGO Air Conditioning & Plumbing,1,3 years ago,,True,no_callback,"""I was contacted saying that no technician is available""","The customer was not called back as promised, and was only contacted after the scheduled start time.",small_team,overwhelmed,callback_automation,"Unfortunately, technician did not show for service. An hour after the scheduled start time I was contacted saying that no technician is available - and I would need to be rescheduled.

Thing is, this is the second reschedule - and I am not sure I am going to go a third. Many companies out there that"
billyGO Air Conditioning & Plumbing,1,4 years ago,,False,none,none,no communication issue,unknown,unknown,not_applicable,Just to re-ignite the heater they charged us $200 for 5 min job. This is really crazy and they are always trying to upsell and very highly priced compare to other. Won't recommend. Bad experience.
billyGO Air Conditioning & Plumbing,1,4 years ago,,False,none,none,no communication issue,unknown,unknown,not_applicable,"They are quite expensive, charged $250 restocking fee for a canceled service for generic parts which I was told they carry in their truck. Be aware."
billyGO Air Conditioning & Plumbing,1,3 years ago,,False,none,none,No communication issue.,unknown,unknown,not_applicable,They wanted my credit card info before they would come out and give me a free quote. Seems very scammy.
billyGO Air Conditioning & Plumbing,1,4 months ago,,False,none,none,no communication issue,unknown,unknown,not_applicable,Driver in van 52 road raging with another car
billyGO Air Conditioning & Plumbing,1,6 years ago,,True,other_comm_problem,"Their lack of response, cost us money.",The plumber failed to respond to reschedule an appointment.,solo_operator,overwhelmed,review_management,"This plumber never showed for appointment. Then couldn’t even reschedule for a first am appointment. Their lack of response, cost us money. Very unprofessional, would not recommend."
billyGO Air Conditioning & Plumbing,1,2 years ago,,False,none,none,no communication issue,unknown,unknown,not_applicable,Dishonest by trying to charge for unnecessary fixtures. Will never ever use them.
billyGO Air Conditioning & Plumbing,1,4 years ago,,True,other_comm_problem,Find someone else.,The customer was unable to find someone to assist them.,unknown,unknown,not_applicable,Find someone else. Garcia rip off.
billyGO Air Conditioning & Plumbing,1,2 weeks ago,,True,no_callback,"""they never got back to us""",BillyGO failed to respond to customer inquiry about crew arrival time.,small_team,overwhelmed,callback_automation,Ricky Diaz was first point of contact with BillyGO and he was great. Issac and Alex made the needed sanitary line repairs and they were great also. After Ricky determined had a leak and a tunnel needed to be dug we were told a crew would be out the next morning to dig the dirt so repairs could be co
billyGO Air Conditioning & Plumbing,1,a month ago,,True,repeat_calls,"""multiple calls to dispatch a technician for my scheduled appointment""",The customer had to make multiple calls to dispatch a technician for their scheduled appointment.,established,overwhelmed,callback_automation,"I called to request a service appointment between 8 and 9 AM for my two pipe HVAC system in my condominium. When I set the service appointment, I specifically emphasized that this was a two pipe system to be sure that the technicians knew how to service them.
The technician arrived at 10:30 AM for t"
billyGO Air Conditioning & Plumbing,1,3 years ago,,False,none,none,no communication issue,unknown,unknown,not_applicable,"Wasn't really in the market for a $2,839 50 gallon water heater, before their $517 warranty and pressure for annual subscription!  This job is worth $950 max. Whatever."
billyGO Air Conditioning & Plumbing,1,6 years ago,,True,other_comm_problem,"""Called city of Denton and they came out for free & checked main line & said it was clear.""",The service was 4 hours late and incorrectly diagnosed the problem.,small_team,overwhelmed,review_management,Scheduled service for Sun between 12 & 1. Showed up at 4:30 for sewer backup in master bath. Tech said main sewer line to street was stopped up. Would cost $430+ more for each line in house. Said thanks but no thanks. Called city of Denton and they came out for free & checked main line & said it was
billyGO Air Conditioning & Plumbing,1,6 years ago,,True,ignored,"""they laughed ... well laugh at this review !""",The customer felt ignored and dismissed by the company's response.,solo_operator,bad_culture,review_management,"Way too high $600 higher than 3 other Master Plummer’s bids on same install .
I called the company and told them they were over bidding and they laughed ... well laugh at this review !"
billyGO Air Conditioning & Plumbing,1,2 years ago,,True,no_callback,the guy called me on way and asked more about quote,The customer was not called back after an initial phone call.,solo_operator,owner_too_busy,callback_automation,I called for a quote a while back and the guy called me on way and asked more about quote and laughed at the fact that i was looking for an ac unit price under 10k which others provided and bought so their loss
A#1 Air,1,Edited 6 months ago,,True,no_callback,They don’t really care about your safety and well being and wouldn’t even call us back,The company failed to call back to aid in filing a claim.,established,bad_culture,review_management,This company is terrible! Their employee ran into us head on in a company vehicle (see photos)and totaled our vehicle sending our son to the hospital. That was May 2025. 5 months later we are still fighting to get their insurance company to even accept fault or reimburse for anything at all. They us
A#1 Air,1,2 months ago,,True,repeat_calls,"""The repair process has involved multiple reschedules due to incorrect parts being ordered.""",The customer experienced multiple rescheduled appointments due to incorrect parts being ordered.,established,overwhelmed,review_management,"A#1 installed a Daikin AC/Furnace system in 2015 with a 16-year parts and labor warranty.

On 2/7, the indoor evaporator coil failed. I was told the part was covered, but the refrigerant was not. After reviewing my warranty paperwork, it clearly states that refrigerant loss due to a covered componen"
A#1 Air,1,3 months ago,,False,none,none,no communication issue,established,unknown,not_applicable,"We have been A#1 air customers for a long time on their service plan with seasonal service checks and maintenance.  They replaced both of our air conditioner units.  Our main unit has had issues since the beginning, leaks every year needing more refrigerant.  Every year despite warranties has needed"
A#1 Air,1,3 months ago,,True,ignored,"""unprofessional treatment and rudeness while attempting to resolve an issue""",The customer experienced unprofessional treatment and rudeness while trying to resolve an issue.,small_team,bad_culture,review_management,"I regret to share that my experience with this company has been nothing short of disastrous.

I strongly advise potential customers to steer clear of this business. Since the company changed ownership, it appears they have little regard for their existing customers. I have faced unprofessional treat"
A#1 Air,1,4 months ago,,False,none,none,No communication issue,established,unknown,not_applicable,"A#1 air installed a brand new unit at my home. Within 2 months it was completely out of Freon. They sent someone to come check it out. The technician was not able to find the leak, but he confirmed it was leaking. They decided to put a bandaid on the problem and fill the Freon. Later the technician "
A#1 Air,1,7 months ago,,False,none,none,no communication issue,established,unknown,not_applicable,A#1 installed a new air handler unit in my home last year. I’ve had them come back three times to solve issues with the installation and still have problems. It was improperly installed such that the condensation was not able to drain properly and accumulated in the system and found a way out throug
A#1 Air,1,5 months ago,,False,none,none,"No communication issue, customer had a problem with a heating unit.",established,unknown,not_applicable,"You do ask the right questions, these are open ended questions where people reading the reviews don’t get the real effect of what the customer feel or felt. at this point, I give you a one. I’m very confused very upset. We had to change our heating unit. It seemed like it’s been a nightmare. They sa"
A#1 Air,1,3 months ago,,True,other_comm_problem,Refused to give me any sort of price estimate over the phone.,"The customer was refused a phone price estimate, indicating poor communication.",solo_operator,owner_too_busy,not_applicable,Refused to give me any sort of price estimate over the phone. Asked me to flush something down the toilet right after I told him the toilet was completely blocked. Wanted to charge $530 for a main line clean out. Said he would only be able to get the cable to go one direction even though there were 
A#1 Air,1,Edited 4 months ago,,True,other_comm_problem,"after many excuses, we were persuaded to go with a Daikin",The customer felt pressured into accepting a different unit than agreed upon.,small_team,bad_culture,review_management,"Update 12/23: After they came out to try and fix the Daikin they finally agreed to replace the unit with the Trane. Trane unit was Installed today

Update: Less than 6 months later we came home to a non working a/c and heater AGAIN!!! This is the absolute worst unit!!! I am demanding the original un"
A#1 Air,1,3 months ago,,False,none,none,no communication issue,established,unknown,not_applicable,"I was charged $2300 for a water heater that you can get for $800 at Home Depot, in stock. I feel taken advantage of. This was just the line item for the water heater itself, not including install/labor. I went with what I thought was a reputable company, but I won’t make that mistake again. I was in"
A#1 Air,1,3 months ago,,False,none,none,no communication issue,established,unknown,not_applicable,"We had a technician come after 6 months ago they replaced our coil for $2,500 and our a/c was having problems again in December. Had a technician come out again today and the technician stated that there was no coolant in the system and didn’t know why offered to fill the coolant for 450$ I pushed f"
A#1 Air,1,5 months ago,,True,no_callback,"""We started calling them at 8am the day of the appointment and never got a call back.""",The customer was unable to get a call back from the business after multiple attempts.,established,overwhelmed,callback_automation,Made an appointment. Online for a simply clogged ac drain line.  No call no email.  We started calling them at 8am the day of the appointment and never got a call back.  “We will pass over to dispatch” is all we heard.  We called them a minimum of 5 times for an update.  No return phone call and no 
A#1 Air,1,Edited 5 months ago,,True,repeat_calls,Numerous calls to them go into a automation loop,The customer had to make multiple calls due to a lack of human interaction.,small_team,overwhelmed,callback_automation,"During the summer, A#1air gave a 9 hour service window.  I waited at home in a hot house all day and no one showed, called or texted.  No updates provided.  Numerous calls to them go into a automation loop and there are no humans to talk to.  Two hours after my 9 hour service window they called to t"
A#1 Air,1,10 months ago,,False,none,none,"No communication issue, issue was with leak detection and repair.",unknown,unknown,not_applicable,We had water coming up through our floors. A diagnostics test was done to check for a leak and we were told no leaks. 5 days passed and our wall started to swell.. our water heater pipe had been leaking the whole time. Now we are out of our money and missing an entire wall in our house. And need to 
A#1 Air,1,Edited 4 months ago,,True,no_callback,no one ever called back,The customer was not called back after being told a representative would contact them.,established,overwhelmed,callback_automation,"***Update: I called, as the response from the company advised me to, and dispatch asked if I wanted to make an appointment. I told them no, I wasn't spending more money with them. She said a rep would contact me but no one ever called back.

Very unhappy with the services with A#1 air and highly dou"
A#1 Air,1,5 months ago,,False,none,none,no communication issue,established,unknown,not_applicable,"I called A#1 Air about a clogged kitchen sink.  When the plumber showed up, he provided 3 quotes.  The least expensive option was over $500 which he ""reduced"" to just over $400.  I explained that this was still way overpriced and he told me that he has to use A#1's pricing.  I am not sure if he used"
A#1 Air,1,3 months ago,,False,none,none,no communication issue,unknown,unknown,not_applicable,HVAC tech knocked on door while working outside for just a few mins. Asked to use restroom. Being nice & because I thought it was for quick trip agreed to let him use it. 15mins later he exited & asked for plunger. Disgusting and unprofessional.
A#1 Air,1,4 months ago,,True,no_callback,They did not call I call twice a day for a week trying to get them to come out,"The customer was not called back after initial promise, requiring multiple calls.",small_team,overwhelmed,review_management,Called them out originally on 12/16/25 they could not repair the job they did last year because the service guy was too big to fit. I was told they would call me that day to schedule for a smaller person to come out. They did not call I call twice a day for a week trying to get them to come out stil
A#1 Air,1,4 months ago,,True,repeat_calls,"""Called back to have them come out, they said they would send the same tech out""",The customer had to call back multiple times to resolve the issue.,established,overwhelmed,callback_automation,Poor service today from A#1 air. Paid a lot of money for a complete new system years ago with a 10 year warranty. Paid the fees for system check ups and recommended maintenance. Every year there’s something wrong with the ac/heater. Yesterday the heater was not working. Called a1 and said they could
A#1 Air,1,4 months ago,,True,repeat_calls,"""my call has been dropped 3 times""",The customer experienced repeated dropped calls and lack of follow-up from customer support.,established,overwhelmed,all_three,I purchased a unit from A#1Air in 2022. Since then I have had to repeatedly call out technicians because the unit does not work properly causing added utility costs because it works so inefficiently. This week I called out a technician again to repair it for the same problem and received a new solut
A#1 Air,1,8 months ago,,True,other_comm_problem,"""I was initially impressed by their promptness in sending a technician the following day""","The promptness of sending a technician was initially impressive, but subsequent issues arose.",small_team,overwhelmed,not_applicable,"I regret ever calling A#1 Air for HVAC service and would strongly advise others to avoid them to save yourself from headaches. Now, I'm left with a malfunctioning HVAC unit, a flooded attic, and a leaking ceiling.

I contacted them on a Friday to fix a tripped thermostat. I was initially impressed b"
A#1 Air,1,6 months ago,,True,repeat_calls,"""the unfriendly staff kept saying “The technician is just finishing he will be""",The customer had to repeatedly call to ask about the technician's status.,small_team,overwhelmed,callback_automation,"I made an appointment to get my gas reconnected a month ago but they did a terrible job because it didn’t pass the inspection, so they had to come again to repair their mess… and guess the heater had a gas leak from the beginning and they never noticed it.

I called on a Thursday to make an appointm"
A#1 Air,1,9 months ago,,True,other_comm_problem,They quoted me a compressor for 10000$,"The company provided a misleading quote, leading to a significant overcharge.",solo_operator,bad_culture,review_management,"If you want to get ripped off and the company thinks you are illiterate.

The technician LIED and told me that the compressor was bad.

They quoted me a compressor for 10000$ !! This is insane. They are good at lying and doing business ripping people off.

Next day I called a different company and t"
A#1 Air,1,a year ago,,True,other_comm_problem,Spent some time on that !,"The salesperson spent too much time on financing, indicating poor time management.",solo_operator,owner_too_busy,not_applicable,"A-1 air horrible , rip off artist  paying for the commercials and trucks. I was stronged arm into buying a new panel. For a mere 10,000 or $370 for an individual breaker. My friend got the same breaker that wasn’t on truck for $15 at homedepot . He acted more like a door to door salesman . Explainin"
A#1 Air,1,Edited 6 months ago,,True,repeat_calls,"""After the A#1 answer below I tried to call twice and they hang out the phone""",The customer had to call multiple times before being hung up on.,small_team,overwhelmed,callback_automation,"After the A#1 answer below I tried to call twice and they hang out the phone, looks like A#1 is OK with way their technician proceed , be careful, always ask for a second opinion it may cost you 100 USD but you will save 1000s....    review -The technician offered me to replace the heater unit witho"
A#1 Air,1,Edited 4 months ago,,False,none,none,no communication issue,unknown,unknown,not_applicable,They sent the wrong tech (HVAC) on the first round and he did more for me than the actual plumber did. The prices were unreasonable and he was trying to do services I didn’t think were necessary. I got the same job done for $100 cheaper.
A#1 Air,1,6 months ago,,True,other_comm_problem,"""We never asked for a weekend appointment or told anyone it was an emergency.""",The customer was misinformed about their appointment schedule and had to deal with multiple rescheduling.,established,overwhelmed,review_management,"Incompetent scheduling and dispatch service. I called about getting a plumbing estimate and the dispatch service scheduled me for a Saturday. Scheduling it for a weekend was fine with us, but we did not ask for that. However, on Saturday we received a call that the technician needed to reschedule un"
A#1 Air,1,Edited 5 months ago,,False,none,none,no communication issue,unknown,unknown,not_applicable,"After a lightning strike told me the entire system was fried and we need to replace inside and out.  40-50k.   Got insurance involved turned out to be simple fixes and did not take the 3-6 months to ‘even get parts’ that he quoted.  Really tried to pull heart strings, ‘ If you loved your family’s’ a"
A#1 Air,1,4 months ago,,True,repeat_calls,multiple calls and emails later,The customer had to make multiple calls and send emails without receiving a response.,small_team,overwhelmed,review_management,"It's been well over a month, multiple calls and emails later and I have yet to receive an updated quote as discussed. Horrible communication and follow through so I will be proceeding with another company."
A#1 Air,1,Edited 6 months ago,,True,no_callback,Do not call them.,The customer was discouraged from calling the business due to a past negative experience.,solo_operator,unknown,not_applicable,He is good at his job. I felt as a veteran they were going to give me a good discount but I got bamboozled. Well I learn a good listen do your research. If you can stand the heat. Do not call them.
A#1 Air,1,8 months ago,,True,other_comm_problem,At one point when we got upset,"The customer had to wait for multiple technicians to fix the issue, indicating poor communication and coordination.",established,overwhelmed,review_management,Last year we had to replace all of our air conditioners on our 20 year old house.  After verifying that all three needed to be replaced A#1 air came out the same day with three crews to replace everything as fast as possible.  We were so pleased and felt like we were in good hands with this extremel
A#1 Air,1,6 months ago,,False,none,none,No communication issue.,established,unknown,not_applicable,"If I can give no stars, I would. Had someone come out due to my ac units being off. Tech came out and stated all these issues needing to be done due to a coil leak. He added refrigerant to the house and when I had a second person come out, come to find that we don’t have a leak and on top of that ha"
A#1 Air,1,6 months ago,,True,no_callback,They said someone would call between 8 am and 5pm today and no one called.,The company failed to follow through on a promised phone call.,small_team,overwhelmed,callback_automation,Absolutely the worse company to deal with. They said someone would call between 8 am and 5pm today and no one called. Our air conditioning unit was down and inside temps at 84 degrees. Ended up having to call another company. All the call center could do was say they would send my message.  Absolute
A#1 Air,1,6 months ago,,False,none,none,no communication issue,unknown,unknown,not_applicable,"Called to get the $49 tune up but did nothing but tell me to get a new air conditioner, looked into the system it was still dirty and water was sprinkled around it. Took screen off that was supposed to be cleaned and found the leak that he didn't find but he would have if he did what I called him ov"
A#1 Air,1,4 months ago,,True,other_comm_problem,"They keep asking how they did, well since they haven't done anything",The company is inquiring about satisfaction without addressing the issue.,unknown,unknown,not_applicable,"We are still freezing after 2 days. They keep asking how they did, well since they haven't done anything, I can only give them a poor rating.

Quiet asking me how you are doing until you have done something."
A#1 Air,1,8 months ago,,True,other_comm_problem,"""was told pricing couldn’t be shared over the phone""",The customer was not given pricing information over the phone.,small_team,bad_culture,review_management,"Room for improvement in transparency and service approach.

I reached out hoping for a ballpark estimate on a basic service, but was told pricing couldn’t be shared over the phone. When Ruben arrived, he immediately began suggesting add-ons before assessing the issue I originally called about. He qu"
A#1 Air,1,9 months ago,,False,none,none,No communication issue.,unknown,unknown,not_applicable,"Welp, definitely some inexperience on the tech that came out.  We paid for a service and a belt (lol, what?) on a unit that clearly needed replacement.  Does that look like a belt is going to fix that?  We were then told ""other than that, looks good!"" it just needed filters ($300, declined) or a mai"
A#1 Air,1,a year ago,,True,other_comm_problem,"""he commented that it was due to being “di""","The lead guy failed to apply a promised discount, causing confusion.",small_team,bad_culture,review_management,"Called for help with a clog in main line between kitchen sink and washing machine. Verbally quoted $541 to clear the clog using a mechanized snake. I almost chocked when I heard this amount, but went ahead and said do it. While the 2 man crew were working on the clog, the lead guy told me he could g"
A#1 Air,1,5 months ago,,False,none,none,no communication issue,unknown,unknown,not_applicable,"Came out to give us a quote to fix a gas leak, did no testing or any diagnostics but gave my wife a quote for $8600. Needless to say I’m not just going to pay someone the price of a used car before getting a 2nd opinion. The next company (Larry’s Plumbing LLC) came out and actually did some research"
A#1 Air,1,8 months ago,,False,none,none,no communication issue,established,unknown,not_applicable,"We have used this company for 15 years, so that’s on us. We first used them when one AC went out and they were the ones who could come the quickest. Then we were stuck with their warranty and service agreement we bought (again, that’s on us). Most recently our evaporator coil went out and this compa"
A#1 Air,1,7 months ago,,False,none,none,no communication issue,established,unknown,not_applicable,"Horrible company they came out told me my compressor was bad and said I needed other parts totalling 6200 dollars. All lies, I had a warranty on my parts. Then I said how much did u take off since I have a warranty, they said we not charging u fir the compressor your labor for everything else is 620"
A#1 Air,1,Edited 7 months ago,,True,other_comm_problem,"I have been waiting for a $2,000 refund for weeks now.",The customer is waiting for a refund and has had to escalate the issue.,established,overwhelmed,review_management,"I paid to have additional service added to my AC unit.  Media filter and UV light in the duct work.  Before installation I cancelled the service.   I have been waiting for a $2,000 refund for weeks now. I was told it would be processed right away.

I have had to put n a dispute for the charges to my"
A#1 Air,1,9 months ago,,False,none,none,no communication issue,unknown,unknown,not_applicable,The sent high school age guy. He completely missed diagnosis of the problem. The high/ low gauge readings showed 313 / 75 psi. He said the system has (410A) freon leak and suggested adding freon at $170 per lbs.  He completely missed the high pressure reading.  A technician from other company said t
A#1 Air,1,a year ago,,True,other_comm_problem,They insisted I pay an $89 service call fee,The customer was asked to pay a service call fee before discussing the issue.,established,unknown,review_management,"TLDR at the bottom.
Well up until this week I would have always given this company a 5 star review but they lost a customer over the weekend. This all started when my drain line for the condensation clogged up. It was tripping the safety switch and killing power to the unit. I got the drain unclogge"
A#1 Air,1,8 months ago,,True,no_callback,We have never heard back from anyone at A#1 Air.,The customer never received a follow-up call or response from A#1 Air.,small_team,overwhelmed,callback_automation,"I had called A#1 Air because I had wanted them to install an under sink hot water dispenser since we cannot get hot water out of our kitchen faucet. Matthew was Great, however I had to end up paying for the service call & the problem was not resolved. He suggested several things my husband could do "
A#1 Air,1,8 months ago,,True,repeat_calls,"""I called two more times only for the automated system to confirm my appointment.""",The customer had to call multiple times to get a response from the automated system.,small_team,overwhelmed,callback_automation,The power to our thermostat went out. I immediately called this company for the repair. This was 2:30pm. I could only speak to the automated system so I made my appointment. They gave me an 8am-5pm window. That was totally fine. By 4:30 I got nervous I did not receive any confirmation texts/emails. 
A#1 Air,1,a year ago,,True,repeat_calls,"""when i called them they wanted to charge a $85 service fee""",The customer was asked to pay a service fee to address the issue.,small_team,overwhelmed,review_management,"Very Dissatisfied with this company, in sept of 2023 they repaired and replaced an overflow sensor on the unit, in the picture attached is how they braced the reservoir to hold it up, not knowing any better i thought this would be good, but over time i guess it vibrated out from under the reservoir "
A#1 Air,1,7 months ago,,True,other_comm_problem,"""the tech lied about coming out and what he did on a Friday""",The customer felt misled by the technician's communication about the service visit.,established,bad_culture,review_management,"The tech lied about coming out and what he did on a Friday. Then on a follow up warranty call to resolve the issue that the first tech could have easily resolved, A1 was trying to charge $150 extra for a weekend call. They did wave that fee. But they were wanting to charge $396 on a plumbing call to"
A#1 Air,1,8 months ago,,False,none,none,no communication issue,unknown,unknown,not_applicable,"Mitchell Guthrie was absolutely awful. First off he left my outside panel open when he left and it was raining. I had to clean behind him. Then the quote he gave was ABSOLUTELY ridiculous. All I needed was power ran from my home to a shed I’m having built, 50ft away. Just that simple. He told me it "
A#1 Air,1,7 months ago,,True,no_callback,"""No one showed up.""",The company failed to follow through on their installation commitment.,small_team,overwhelmed,review_management,"Literally, avoid this company at all costs. Here is my experience and its not over yet:

1) Spent 50K on a new generator and water system.
2) Was told they will be there to install the water system on a Wednesday. No one showed up.
3) Told it would be Thursday. no one showed up.
4) Finally show up o"
Unlimited Air Conditioning and Heating,1,a year ago,,True,no_callback,"""he no-showed""",The technician failed to show up for the rescheduled appointment.,solo_operator,overwhelmed,callback_automation,First appointment he called 2 hours before to tell me it was too cold outside to do a routine air conditioning check up (the high was 62 degrees that day). Rescheduled to the following week and he no-showed.
Unlimited Air Conditioning and Heating,1,2 years ago,,False,none,none,No communication issue.,established,unknown,not_applicable,My Ac went out I called Unlimited . The tech showed up tapped the Thermostat and tightened a wire . He said I needed a new thermostat but he did not have one on his truck. Charged me $143.00   trip charge . I will never call them again.
Unlimited Air Conditioning and Heating,1,8 years ago,,False,none,none,"No communication issue, but poor work quality and reliability.",small_team,overwhelmed,not_applicable,Do not call these guys if you need quality work for a difficult job. I had an appointment scheduled for 1pm they arrived around 2pm and left the job site before the work was completed. I personally walked around with the guys to show them and explain what I needed done. Which included fixing 2 units
Unlimited Air Conditioning and Heating,1,6 years ago,,False,none,none,no communication issue,established,unknown,not_applicable,Unethical business. Made a service call for one of my outdoor AC units for functioning properly. The root cause a bad capacitor. The technician recommended replacing the capacitors in both my outdoor units. They quoted my $573.00 for two capacitors. I was in a bind and have young children at home so
Unlimited Air Conditioning and Heating,1,2 years ago,,True,no_callback,Frank said he would call back in 15 mins and never did,The customer was not called back after a promised callback.,solo_operator,overwhelmed,callback_automation,"No showed an appointment and provided zero communication. Frank said he would call back in 15 mins and never did and didn't show.

Extremely disappointed in how they're doing business."
Unlimited Air Conditioning and Heating,1,4 years ago,,True,no_response,No communication.,The customer felt there was no communication about the technician's ETA.,small_team,overwhelmed,review_management,Had an appointment scheduled for 9:30am.  I'm texting at @ 9:45 asking for an ETA.  Technician arrives at 10:10am saying they are there.  Got tired of waiting and left.  Poor Service!   No communication.
Unlimited Air Conditioning and Heating,1,5 years ago,,True,no_callback,they said they would call back but never did,The business failed to follow through on a promised callback.,small_team,overwhelmed,callback_automation,"Called them on a friday, they said they would be out on monday. It came to wednesday and they still had not shown up. I called in to check and they said they would call back but never did."
Unlimited Air Conditioning and Heating,2,3 years ago,,True,other_comm_problem,they never got back with me,The customer was not provided with a breakdown of the estimate and was not contacted back.,small_team,overwhelmed,review_management,"First of all, they did not alert me to let me know that they were not coming on the suppose date that they were supposed to come. Then when they came the next day, they gave me an estimate two different prices. They did not break the estimate down as to say how much the actual part would cost, and h"
Unlimited Air Conditioning and Heating,2,2 years ago,,False,none,none,no communication issue,unknown,unknown,not_applicable,If you want to pay full retail prices and $400 for a 35 min AC check.
Unlimited Air Conditioning and Heating,5,6 months ago,,False,none,none,no communication issue,established,unknown,not_applicable,"Cleber was awesome, very professional, honest and got us taken care of.  We had a different company come out before but something felt off so we called Unlimited.  They were amazing!  Trust worthy and thorough. We would definitely recommend Unlimited!"
Unlimited Air Conditioning and Heating,5,5 months ago,,False,none,none,no communication issue,established,unknown,not_applicable,Frank and the crew were amazing to work with! These guys have been doing HVAC services for almost 20 years now so their expertise and experience speak for themselves. Worth all the money that you're going to invest in them so I highly recommend!
Unlimited Air Conditioning and Heating,5,6 years ago,,False,none,none,no communication issue,solo_operator,unknown,not_applicable,"Frank (owner) was highly recommended to me as a professional with high quality standards, after working with him I agree. He was very responsive to my questions and my requests (no matter how outlandish, keeping old equipment that I had replaced on my own throughout the years).

We had a leak in our"
Unlimited Air Conditioning and Heating,5,10 months ago,,False,none,none,no communication issue,established,unknown,not_applicable,"AMAZING SERVICE! I spend a lot of time doing my research before contracting someone to do an expensive project like heating and cooling. They are honest, fair priced and if you have issues they will come out quickly and resolve the issues. You don’t need to look at any of the 1-star reviews because "
Unlimited Air Conditioning and Heating,5,2 years ago,,False,none,none,no communication issue,established,unknown,not_applicable,My first interaction with Frank was amazing. He was courteous and explained the service procedure. I received same day service which was a bonus. I received a text/email confirmation of my appointment. The best part is the text message had the name and a picture of the person who was coming to servi
Unlimited Air Conditioning and Heating,5,a year ago,,False,none,none,no communication issue,established,unknown,not_applicable,"My uncle and I recently had our unit go on the fritz. Frank found and fixed the issue (needed a new dual capacitor) in no time at all. He's efficient, courteous, and trustworthy. He explains things clearly and I would not hesitate to call him again. Thank you!"
Unlimited Air Conditioning and Heating,5,3 years ago,,False,none,none,no communication issue,established,unknown,not_applicable,"Frank and his team are professional, attentive and provide quick and clear communication. They took the time to explain the work they would complete, provide options for various solutions and prices, and their suggestions for on-going maintenance were valuable. When they did the initial diagnostic, "
Unlimited Air Conditioning and Heating,5,3 years ago,,False,none,none,no communication issue,established,unknown,not_applicable,"After ""successfully"" installing my own thermostat this summer I discovered a little too late (first cold snap of the season) that I wasn't as successful as I thought as the heat didn't work.  I called Unlimited on Sunday & they scheduled me for first thing on Monday morning.
The tech arrived on time"
Unlimited Air Conditioning and Heating,5,3 years ago,,False,none,none,no communication issue,established,unknown,not_applicable,"Frank was extremely responsive. The prices were fair. I compared this business to 12 other well-known places in the Dallas area. Frank got me an appointment the very next day. The service man who came out was clean, polite, professional, and knowledgable. They are a ""legitimate"" business. Confirmed "
Unlimited Air Conditioning and Heating,5,Edited 2 years ago,,False,none,none,no communication issue,established,unknown,not_applicable,"Frank and team are responsive, on time and always get the job done. They work to please and over the top careful. One example is we have an off white carpet on our spiral staircase and I asked that they be careful. When they were finished replacing some pretty heavy units upstairs, the carpeting was"
Unlimited Air Conditioning and Heating,5,9 months ago,,False,none,none,no communication issue,unknown,unknown,not_applicable,Prompt and quick same day service. The Cleber was friendly and did a great job explaining things.
Unlimited Air Conditioning and Heating,5,2 years ago,,False,none,none,no communication issue,unknown,unknown,not_applicable,"The customer service was top-notch. Frank is a great guy who is friendly, attentive, and passionate about his work, his team to attention to detail and commitment to customer satisfaction truly stood out. I highly recommend Frank's business to anyone seeking top-of-the-line HVAC services."
Unlimited Air Conditioning and Heating,5,9 months ago,,False,none,none,no communication issue,unknown,unknown,not_applicable,"Fast response, fast, clean and honest work, and everyone was very polite. Great company all around!!"
Unlimited Air Conditioning and Heating,5,10 years ago,,False,none,none,no communication issue,established,unknown,not_applicable,Frank and Alex were great.  I received a call back within 5 minutes and they came over to my house within the hour to check out our A/C issue.  They were extremely professional and thorough with their work.  I'll be recommending them to all my neighbors and they'll definitely be my first call for an
Unlimited Air Conditioning and Heating,5,2 years ago,,False,none,none,no communication issue,established,unknown,not_applicable,"Highly recommend Unlimited Air Conditioning & Heating! After a recommendation from a friend who is a long-time customer of Unlimited (Frank), I reached out to Frank when our A/C suddenly stopped working on a Friday evening. Kleber, one of their team members, arrived at 8 am that Saturday and had our"
Unlimited Air Conditioning and Heating,5,4 years ago,,False,none,none,no communication issue,established,unknown,not_applicable,Frank and his team did an excellent job diagnosing the issue with our furnace blower fan and motor.  They retrieved the parts the same day and had the system repaired early the next morning.  Their responsiveness and service were impeccable.  I will gladly call Frank for all my future HVAC needs.
Unlimited Air Conditioning and Heating,5,3 years ago,,False,none,none,no communication issue,established,unknown,not_applicable,"Perfect job again, and ALWAYS way less expensive than every other place. Unlimited Air has already replaced our furnace and did other work for us. This time, we needed better airflow to our bedroom and to reroute our dryer vent. Frank had simple, effective solutions for both, and he gave such a reas"
Unlimited Air Conditioning and Heating,5,4 years ago,,False,none,none,no communication issue,established,unknown,not_applicable,"I called Frank when my home AC could not reach thermostat set point, and had an 8 degree differential. I have a little baby and the house was reading 85.

They came within the hour, were exceptionally kind and easy to work with and they did the most honorable job detecting the issue and problem solv"
Unlimited Air Conditioning and Heating,5,3 years ago,,False,none,none,no communication issue,established,unknown,not_applicable,"I have used Frank & his Unlimited AC & Heating for over 10 years. His commitment to quality service, honesty & integrity at a competitive price are unparalleled. I am
glad to recommend him without reservation."
Unlimited Air Conditioning and Heating,5,Edited 2 years ago,,False,none,none,no communication issue,established,unknown,not_applicable,"The best in the business in terms of air conditioner repair and best AC tune up in Dallas. Frank and the team at Unlimited Air Conditioning are fast to reply, great to work with, and very fairly priced. They will get you taken care of!"
Unlimited Air Conditioning and Heating,5,3 years ago,,False,none,none,no communication issue,established,unknown,not_applicable,Great a/c service! I was in a pinch to get my hvac system checked out and Unlimited came to the rescue. Called to make an appointment and they had same day service call available. I booked for next day and they showed up and service was completed par excellent! Thanks to the employees at Unlimited F
Unlimited Air Conditioning and Heating,5,5 years ago,,False,none,none,no communication issue,established,unknown,not_applicable,"Extremely professional, quick and honest work! We had an entire 3 ton unit installed with ducts, returns, thermostat, the whole system in order to replace our window units by his team and we couldn't be happier! Frank was recommended by a friend and I'll be gladly be recommending him to whomever nee"
Unlimited Air Conditioning and Heating,5,3 years ago,,False,none,none,no communication issue,established,unknown,not_applicable,"Unlimited Air conditioning and Heating is a trustworthy, thorough, and honest company. Frank and his team always do a great job of explaining any issues and getting them repaired in a timely manner. I will continue to recommend this company for any HVAC issues"
Unlimited Air Conditioning and Heating,5,Edited 3 years ago,,False,none,none,no communication issue,established,unknown,not_applicable,I've been using Unlimited Air Conditioning & Heating for years.  Frank is extremely reliable and honorable. Always delivers on prompt response and is quick to schedule the job.  He also staffs a good crew.
Unlimited Air Conditioning and Heating,5,3 years ago,,False,none,none,no communication issue,established,unknown,not_applicable,Frank and his team do a great job of making sure everything works before they leave. I have used them for two years now and I have never been dissatisfied. Quality work that won’t break the bank. I recommend them for and hvac/ ac work.
Unlimited Air Conditioning and Heating,5,6 years ago,,False,none,none,no communication issue,established,unknown,not_applicable,"We have known Frank for well over 10 years. We've referred him out to all of our friends and family, with nothing but positive feedback from all. He and his team are very fair and extremely friendly and honest, so I would recommend unlimited AC in a heartbeat to anyone looking."
Unlimited Air Conditioning and Heating,5,4 years ago,,False,none,none,no communication issue,unknown,unknown,not_applicable,Cleber showed up when he said he would and diagnosed the issue quickly. We had a massive leak in our mini split unit due to it being initially installed poorly (by a different company/contractor). It was completely fixed in a couple hours and blowing ice cold air as well as heat. Great work and reas
Unlimited Air Conditioning and Heating,5,8 years ago,,False,none,none,no communication issue,established,unknown,not_applicable,"We have been customers of Unlimited Air & Heating for 10+ years and there is no one better!!!  Frank is the utmost professional, and so very friendly!  He and his team clearly know their trade and they have saved us so much money throughout the years with minor repairs....never pushing us to purchas"
Unlimited Air Conditioning and Heating,5,4 years ago,,False,none,none,no communication issue,established,unknown,not_applicable,"My AC sensor kept switching off my outside unit in August. Unlimited Air and heating found that it was a clogged condensation line. Rather than trying to charge me for all sorts of repairs, they were very honest and blew out the line to clear the clog. It now works perfectly and I didn't pay for rep"
Unlimited Air Conditioning and Heating,5,5 years ago,,False,none,none,no communication issue,unknown,unknown,not_applicable,"I had an excellent experience with Unlimited Air Conditioning. My AC went out the first really hot day of the spring. He made it over same-day for diagnostics. Original assessment was it was going to be a replacement motor for a fan, but when he returned with the new part a few days later it ended u"
Unlimited Air Conditioning and Heating,5,Edited 2 years ago,,False,none,none,no communication issue,established,unknown,not_applicable,Frank & his team are the trust worthy and dependable.  They have been doing my HVAC service work for years.  Replaced another system.  Excellent group of guys. I don’t have to worry about a thing
Unlimited Air Conditioning and Heating,5,6 years ago,,False,none,none,no communication issue,established,unknown,not_applicable,"Unlimited Air was recommended to me and they delivered. The service tech was knowledgeable and very professional and was able to get my system up and running again. Frank, thanks for being awesome and fixing our system. I highly recommend Unlimited Air Conditioning."
Unlimited Air Conditioning and Heating,5,6 years ago,,False,none,none,no communication issue,established,unknown,not_applicable,"I highly recommend Frank and his team at Unlimited Air Conditioning and Heating.  They are quick to respond to texts, emails or calls.  They show up when they say they will show up and text you with status updates.  The work is performed quickly, professionally and to a very high standard."
Unlimited Air Conditioning and Heating,5,a year ago,,False,none,none,no communication issue,unknown,unknown,not_applicable,"Very good service, very professional in their work, they left my air system working at 100%, I highly recommend them, they do not leave until they are sure that everything is working correctly."
Unlimited Air Conditioning and Heating,5,Edited 3 years ago,,False,none,none,no communication issue,established,unknown,not_applicable,"Always good service and explanations from Frank or any other of the team that comes out twice a year.  And Frank and his team have always been available and responsive during more ""emergency"" situations.  Thanks!!

Been having Frank and his team service our HVAC since 2013!"
Unlimited Air Conditioning and Heating,5,3 years ago,,False,none,none,no communication issue,established,unknown,not_applicable,Unlimited was great. Very friendly and professional staff. They were able to diagnose the problem and resolve it quickly. Cleber made sure to let me know the cost for the parts and service before he did any repairs. I could not ask for better service.
Unlimited Air Conditioning and Heating,5,6 years ago,,False,none,none,no communication issue,established,unknown,not_applicable,"10 star review.

My art studio's AC went out before I had a number of important meetings happening. Called and was asked if I would be there all day, said I would be until it was fixed. Frank said he would have a tech out at 3. 10 minutes later, I get a text saying 1. The crew showed up at 12:40. 20"
Unlimited Air Conditioning and Heating,5,6 years ago,,False,none,none,no communication issue,established,unknown,not_applicable,"Frank and team did a fantastic job replacing the evaporator coil on one of our A/C units.  The team is honest, dependable and very professional.  He didn’t nickel and dime.  He mentioned an upgraded system, but didn’t try to hard sell.  He offered  it as an option, and left it at that.  Will definit"
Unlimited Air Conditioning and Heating,5,10 years ago,,False,none,none,no communication issue,established,unknown,not_applicable,"I have used a lot of HVAC companies over the years, along with many other contractors and third party services due to major renovations. I can honestly say that Frank is the most trustworthy person I have ever let into my home to date. He is dependable at all times and really takes the time to walk "
Unlimited Air Conditioning and Heating,5,5 years ago,,False,none,none,no communication issue,established,unknown,not_applicable,"Frank and his team were exactly what we were looking for when we called for after hour service. Our technician was professional, friendly, and most importantly was able to diagnose and resolve the issue in record time. Unlimited Air Conditioning & Heating will be our go to provider for all things HV"
"Jade Air, LLC",1,8 months ago,,True,other_comm_problem,"""Called out another HVAC technician, over $1500 in damages from Jade Air.""",The customer had to call another technician due to Jade Air's unfinished work.,established,overwhelmed,review_management,"Jade air came to check on my unit, did something and blew the transformer and the panel. After waiting a week for new parts, they show up at my doorstep and leave them saying they can’t install them. Called out another HVAC technician, over $1500 in damages from Jade Air. Most of the companies I cal"
"Jade Air, LLC",1,4 years ago,,True,repeat_calls,Around 2PM  I called and was told they were still coming,Customer had to call multiple times to get an update on service arrival.,small_team,overwhelmed,review_management,"I scheduled a service maintenance request. Gilbert said service person would be here between 10AM  and noon. At 11:45 I called and received a return call within minutes, I was told they had an emergency. They would be here shortly not to leave it would be between 15 minutes maybe an hour or so. Arou"
"Jade Air, LLC",1,6 years ago,,True,no_callback,couldn’t get these guys to come out. And actually show up.,The customer was unable to get the company to send someone to their location.,small_team,overwhelmed,review_management,"Absolutely worst HVAC company I’ve ever dealt with. They do not have prices cheap, you can get the same results with any other company for same price or cheaper. I had to end up using A# 1 instead cause I couldn’t get these guys to come out. And actually show up. SAVE YOUR MONEY AND USE A DIFFERENT "
"Jade Air, LLC",1,4 years ago,,True,other_comm_problem,"They rescheduled on me 5 times, I left work early three of the times to meet them.",The company failed to manage their scheduling and communication with the customer.,small_team,overwhelmed,review_management,"My A/C broke and they said they’d be able to fix it. They rescheduled on me 5 times, I left work early three of the times to meet them. Incredibly unprofessional and this experience has left me incredibly frustrated. Would not recommend. Find someone else."
"Jade Air, LLC",1,9 years ago,,True,no_callback,They never called.,The company failed to follow up with a scheduled callback to schedule an appointment.,small_team,overwhelmed,callback_automation,Called these people last Thursday to get a quote for an install of a part. They gave me the lowest bid by a lot so decided to go with them. The guy said the part should be in either next day or following Monday. On Friday they said the part hadn't come in so they would call us on Monday when it came
"Jade Air, LLC",1,a week ago,,True,no_callback,Never received a call.,The owner failed to follow up with a promised callback.,solo_operator,owner_too_busy,callback_automation,Was told over the phone by the owner on a Friday that the cost of service fee to come out the next day was going to be $95 and then was charged $145. I spoke to the owner the day services were rendered and asked why I was charged a different amount and he said he would speak to the technician and ca
"Jade Air, LLC",2,12 years ago,,False,none,none,no communication issue,established,unknown,not_applicable,"Gilbert came out promptly on a Sunday morning to tend to our AC problem. He was great at diagnosing the problem and quick to solve it. Replaced a capacitor and installed a hard start, working a total of 1.5 hours on the entire job. A quick look up on the net of the parts he used showed a total of $1"
"Jade Air, LLC",3,3 years ago,,True,no_answer,Awful answering service,The customer experienced a poor initial response due to an unattended phone.,solo_operator,overwhelmed,ai_receptionist,Awful answering service but owner was so open and available for feedback!
"Jade Air, LLC",5,6 months ago,,False,none,none,No communication issue.,unknown,unknown,not_applicable,Called jade because my AC was not working. Very polite and professional on the phone. He walked me through initially troubleshooting my AC while I was in the attic. We figured out the issue while on the phone! Jade was extremely helpful and patient while we walked through the troubleshooting steps. 
"Jade Air, LLC",5,10 months ago,,False,none,none,no communication issue,established,unknown,not_applicable,Incredible team of expert technicians. Jade and Gilbert and their whole team went above and beyond to replace 2 AC units that were from 2003. They found additional issues preventing my AC from running but worked tirelessly with me and my condo neighbors to get it fixed. Most reasonable price for AC 
"Jade Air, LLC",5,9 months ago,,False,none,none,no communication issue,established,unknown,not_applicable,"I own a rental property in Dallas. The annual service was done a few weeks ago by Eric from Jade Air. Eric was thorough, polite and arrived on schedule. Eric explained the system and pointed out potential issues and offered maintenance tips. Jade Air is highly recommended for excellent service"
"Jade Air, LLC",5,a year ago,,False,none,none,no communication issue,established,unknown,not_applicable,Our outdoor AC unit would not start. Summer days in North Texas are consistently hitting around 100 degrees. Called Jade Air. Gilbert was helpful and pleasant to speak with. Jade was able to come out within a couple hours. He fixed and cleaned the unit in under an hour. I felt the price was reasonab
"Jade Air, LLC",5,a year ago,,False,none,none,no communication issue,solo_operator,unknown,not_applicable,"Hi y'all,  I called Gilbert with Jade air about my ac/heat window unit.  Even though he doesn't work on those, but out of at least 15 calls to other ac repair people,  he is the ONLY one who actually took time out of his day to talk with me about it.  I highly recommend him. My heating is now workin"
"Jade Air, LLC",5,11 months ago,,False,none,none,no communication issue,established,unknown,not_applicable,"I have used Jade Air for over a decade both personally at my home and on commercial real estate properties in my career. It is hard to find honest, trustworthy and fair people. When I find companies like Jade Air, I will strategically align myself with them both personally and in industry related fi"
"Jade Air, LLC",5,Edited 7 years ago,,False,none,none,no communication issue,established,unknown,not_applicable,"Update: 2 years after Jade Air installed two brand new units in our house, I called them back out to do routine maintenance. The owner and tech were both very timely, courteous and professional. I would recommend these to anyone as my go to HVAC company.

I was drawn to Jade Air from their reviews o"
"Jade Air, LLC",5,Edited 3 years ago,,True,other_comm_problem,I did have a little trouble at first with the ability of the call center they use,The customer had trouble getting through to the right people on the first call.,established,overwhelmed,review_management,"I had them replace an AC unit back in 2018, and they did a great job!  They were prompt, courteous and fast.  As for customer service, I will admit I did have a little trouble at first with the ability of the call center they use to get me through to the right people when it came to servicing the un"
"Jade Air, LLC",5,2 years ago,,False,none,none,no communication issue,established,unknown,not_applicable,"Gilbert with Jades Air is fantastic. I went through a lot last year with my HOA installing a new roof and causing damage to my unit. Gilbert was there every step of the way. He’s knowledgeable, honest and operates with high integrity. He continues to service and maintenance the AC Unit and I trust h"
"Jade Air, LLC",5,2 years ago,,False,none,none,no communication issue,established,unknown,not_applicable,"I have never reviewed any business and probably won't going forward, but I had to make an exception for Jade Air. I have never experienced such good customer service from any industry, anytime, anywhere. They are responsive, professional, compassionate, and transparent. It was truly amazing to me ho"
"Jade Air, LLC",5,2 years ago,,False,none,none,no communication issue,established,unknown,not_applicable,"Over the past few years I have used Jade to fully replace 2 systems and repair parts of two other systems at my rental properties. Gilbert and his team were great to work with, very responsive and get the job done in a timely manner. Highly recommend for a quick and painless process"
"Jade Air, LLC",5,a year ago,,False,none,none,no communication issue,established,unknown,not_applicable,"This is a family owned business that has perfected costumer service. They really do go above and beyond.
Not only did they come out to check our potential hvac problem sooner than I would have expected, they also diagnosed the problem quickly (it wasn't the hvac).  Our issue ended up being a plumbin"
"Jade Air, LLC",5,9 years ago,,False,none,none,no communication issue,established,unknown,not_applicable,"Jade Air was great. We had our A/C service done yesterday, 4/29/16. And the people that worked on our unit were very nice and professional. Chris, the person on the phone is very nice and friendly as well. They went out of their way to make sure everything was good before they left. Will use them fr"
"Jade Air, LLC",5,5 years ago,,False,none,none,no communication issue,established,unknown,not_applicable,"Like everyone else, I was extremely pleased with Jade Air. I had two new units installed, and Gilbert (the owner) took all the time that I wanted to discuss options, pricing, etc. The work was done very quickly and professionally and for a very fair price. I am very very pleased.  You’ll not find a "
"Jade Air, LLC",5,8 months ago,,False,none,none,no communication issue,unknown,unknown,not_applicable,Highly professional - got there fast - cleaned up afterward - and were very honest in my choices of repair and pricing. Great job all around - thanks y’all!
"Jade Air, LLC",5,5 years ago,,False,none,none,no communication issue,established,unknown,not_applicable,"It's rare that you come across a company so well run that you stop and feel obliged to write them a great review.

Gilbert was outstanding and went above and beyond to make sure that the problem was taken care of. His timely and professional services were a great help to my family and I would not he"
"Jade Air, LLC",5,13 years ago,,False,none,none,no communication issue,established,unknown,not_applicable,"We have an older home and when the AC started giving out, we called Jade Air. They arrived promptly and fully explained the problems and the different options. We chose a shorter term solution and they had it fixed in no time. This allowed us to postpone the big purchase for a while, but still have "
"Jade Air, LLC",5,8 years ago,,False,none,none,no communication issue,established,unknown,not_applicable,"This is the first time writing a review regarding my experience with Jade Air.   I'm going 5 stars, and first off, my communication with Chris, was on point and professional.  They organized the visit with my tenant as I was not able to be there to oversee the repair.   While a follow up visit was r"
"Jade Air, LLC",5,9 years ago,,False,none,none,no communication issue,established,unknown,not_applicable,"Jade Air's team is very professional and did a great job installing my A/C a few years ago. They are always very responsive, even in the height of summer, to come and address the few issues it has on occasion. When my old freon pipes gave up the ghost about a year ago they did a quick and good job i"
"Jade Air, LLC",5,8 years ago,,False,none,none,no communication issue,established,unknown,not_applicable,"Twice now I have used Jade Air to come out on short notice after our A/C started blowing warm air in the middle of hot summer months after our normal A/C company told us they would not be able to schedule a service for days. And twice Jade Air were super nice on the phone, came out, fixed the proble"
"Jade Air, LLC",5,12 years ago,,False,none,none,no communication issue,solo_operator,unknown,not_applicable,"Used several A/C guys around town before finding Jade. They came to make one repair at my old house, did a great job, and I've recommended them to others since then.

Today's service compelled me to write a review. I needed someone out quickly because my house was 87 degrees.  Instead of sending som"
"Jade Air, LLC",5,6 years ago,,False,none,none,no communication issue,established,unknown,not_applicable,"Jade Air absolutely saved the day today. After a bad experience with another HVAC company that completely screwed us this afternoon, Gilbert and Jade fit us in and came by at 8pm tonight, Friday night of a holiday weekend. Great guys, quick and efficient service, and we are good to go. They were abs"
"Jade Air, LLC",5,9 years ago,,False,none,none,no communication issue,established,unknown,not_applicable,"I'm in commercial real estate and know how much A/C repairs should cost, so it is absolutely infuriating when I get residential service and bills come back well above the true cost!  Not with Jade air.  I've had them working on/servicing one of my AC's for over a year now and have never seen a bill "
"Jade Air, LLC",5,Edited 3 years ago,,False,none,none,no communication issue,established,unknown,not_applicable,"Jade Air's owner, Gilbert, was very honest and patient as he explained what was wrong with my AC unit. No matter when I called, he answered and was so polite and professional. He sent his nephew and friend to replace my unit and they were efficient, effective, and polite.

6/6/2022: Even two years l"
"Jade Air, LLC",5,Edited 4 years ago,,False,none,none,no communication issue,established,unknown,not_applicable,I’ve used these guys to repair my ailing AC every summer and they always come through. I love them. These are really good people who do a good job at a very VERY fair price. They are nice and I can't say enough good things about my experiences with them. This is the second summer in a row that one o
"Jade Air, LLC",5,5 years ago,,False,none,none,no communication issue,established,unknown,not_applicable,"Outstanding service and communication. Gilbert was very helpful, knowledgeable, and explained everything in a way that non HVAC experts can understand. Mark the technician was on time, friendly, and let me know what we needed to repair before starting his work. I couldn’t be happier with Jade Air’s "
"Jade Air, LLC",5,7 years ago,,False,none,none,no communication issue,established,unknown,not_applicable,"I cannot say enough about Chris and Jade Air. They installed a new system a few years ago, and were conscious about pricing and explained everything thoroughly. As a single woman I was always worried I would be taken advantage of, but they ensured I was comfortable before proceeding. My property is "
"Jade Air, LLC",5,8 years ago,,False,none,none,no communication issue,established,unknown,not_applicable,"We had the best experience with the Jade Air team. They are reliable, trustworthy and efficient and were able to come out to our house ASAP when we had an issue with one of our AC units. They are very professional and also take the time to thoroughly explain the issue and how they will fix it. We ar"
"Jade Air, LLC",5,10 years ago,,False,none,none,no communication issue,established,unknown,not_applicable,"In one word: AMAZING!. Called Jade Air because my AC broke down, they offered to come and check it on the same day. Then they told me they are ""on call"" 24/7 - hard to believe, but is true!. They Came to my house, within minutes found the problem, explained me the whole thought process and replaced "
"Jade Air, LLC",5,8 months ago,,False,none,none,no communication issue,unknown,unknown,not_applicable,"Very good experience and communication working with Gilbert. My AC stopped working, and Gilbert was very responsive in the process. He pointed me to the solution."
"Jade Air, LLC",5,8 years ago,,False,none,none,no communication issue,established,unknown,not_applicable,We have used Jade Air several times over the years. They always quickly respond to our call and make an effort to come out as quick as possible. Arick was able to identify the issue with our AC and fix very quickly. This is a reliable and honest company. The owner talked with me about our issue and 
"Jade Air, LLC",5,4 years ago,,False,none,none,no communication issue,established,unknown,not_applicable,"After getting multiple quotes that were 2-3x higher than expected, I came across Jade Air and was finally quoted an appropriate (and extremely reasonable) repair price to replace an AC unit. The staff communicated very well and were out installing our new unit immediately. Don't waste your time mess"
"Jade Air, LLC",5,7 years ago,,False,none,none,no communication issue,established,unknown,not_applicable,"Excellent service. I needed a new unit and they worked with me accommodating my schedule. Customer service is exceptional - I even got a call back to see how everything was working.

My landscaper accidentally cut a wire and they came out same day to fix it. I love Jade Air. The most professional gr"
"Jade Air, LLC",5,8 years ago,,False,none,none,no communication issue,established,unknown,not_applicable,"We highly recommend Jade Air.   They replaced our AC and Furnace (which are in 3rd floor attic) about 2 years ago, were polite and professional, and we have been very pleased with the product and the service.  Recently we were trying a self install of a WiFi thermostat and got stuck.  A call to Jade"
"Jade Air, LLC",5,13 years ago,,False,none,none,no communication issue,solo_operator,unknown,not_applicable,When I called Jade Air I just needed to have someone get my heat working correctly again.  The owner spent about 25 minutes asking me questions about the issue and walked me through finding a solution.  He also took the time to explain the best way to avoid any more issues and the costs and benefits
"Jade Air, LLC",5,11 years ago,,False,none,none,no communication issue,established,unknown,not_applicable,AWESOME customer service!  I've had a problem with my AC for a while.  I've called out other companies before and nothing compares to the excellent service Jade Air provided.  Scheduling was quick and easy.  The employee that came out was super nice and knowledgeable.  He fixed the problem and even 
"Jade Air, LLC",5,10 years ago,,False,none,none,no communication issue,established,unknown,not_applicable,"If I could give more stars I would. My experience with many contractors is they are always up-selling you. Jade Air is the exception. The first company quoted me a new motherboard at $1,900. Jade Air troubleshot my unit in 5 minutes, identified an electrical fault, reset it, and cleaned the condensi"
"Jade Air, LLC",5,11 years ago,,False,none,none,no communication issue,established,unknown,not_applicable,"I have used Jade Air for complete replacements of my home’s AC coil and furnace.  Gilbert and Chris area pleasure to deal with.  They are prompt, courteous and will not leave you without air conditioning or heat.  I cannot say enough good things about these gentlemen.  I highly recommend Jade Air an"
"Jade Air, LLC",5,5 years ago,,False,none,none,no communication issue,established,unknown,not_applicable,"Jade Air is #1in my book. Gilbert was amazing, best customer service ever. He helped us over the phone and help us solve our problem, no A/C company has ever done that. On a Sunday night, on a holiday weekend, just amazing service."
"Jade Air, LLC",5,9 years ago,,False,none,none,no communication issue,established,unknown,not_applicable,"The team at jade air are exceptionally friendly and helpful! As new home owners that needed our furnace and air conditioning replaced, we found not only their prices to be reasonable but they were super informative and helpful at walking us through the process and information we needed to know. The "
"Jade Air, LLC",5,7 years ago,,False,none,none,no communication issue,established,unknown,not_applicable,"Look no further -- Jade Air is the best in Dallas!! After an extensive online research and asking friends/neighbors I elected to go with Jade Air for my current AC problems. Upon calling in, I spoke with Chris who was beyond personable and communicated that he would get a technician to my house asap"
